opcode_dec,opcode_hex,name
0,0x000,MSG_NULL
1,0x001,CMSG_BOOTME
2,0x002,CMSG_DBLOOKUP
3,0x003,SMSG_DBLOOKUP
4,0x004,CMSG_QUERY_OBJECT_POSITION
5,0x005,SMSG_QUERY_OBJECT_POSITION
6,0x006,CMSG_QUERY_OBJECT_ROTATION
7,0x007,SMSG_QUERY_OBJECT_ROTATION
8,0x008,CMSG_WORLD_TELEPORT
9,0x009,CMSG_TELEPORT_TO_UNIT
10,0x00A,CMSG_ZONE_MAP
11,0x00B,SMSG_ZONE_MAP
12,0x00C,CMSG_DEBUG_CHANGECELLZONE
13,0x00D,CMSG_MOVE_CHARACTER_CHEAT
14,0x00E,SMSG_MOVE_CHARACTER_CHEAT
15,0x00F,CMSG_RECHARGE
16,0x010,
17,0x011,CMSG_CREATEMONSTER
18,0x012,CMSG_DESTROYMONSTER
19,0x013,CMSG_CREATEITEM
20,0x014,CMSG_CREATEGAMEOBJECT
21,0x015,SMSG_CHECK_FOR_BOTS
22,0x016,CMSG_MAKEMONSTERATTACKGUID
23,0x017,CMSG_BOT_DETECTED2
24,0x018,CMSG_FORCEACTION
25,0x019,CMSG_FORCEACTIONONOTHER
26,0x01A,CMSG_FORCEACTIONSHOW
27,0x01B,SMSG_FORCEACTIONSHOW
28,0x01C,CMSG_PETGODMODE
29,0x01D,SMSG_PETGODMODE
30,0x01E,SMSG_REFER_A_FRIEND_EXPIRED
31,0x01F,CMSG_WEATHER_SPEED_CHEAT
32,0x020,CMSG_UNDRESSPLAYER
33,0x021,CMSG_BEASTMASTER
34,0x022,CMSG_GODMODE
35,0x023,SMSG_GODMODE
36,0x024,CMSG_CHEAT_SETMONEY
37,0x025,CMSG_LEVEL_CHEAT
38,0x026,CMSG_PET_LEVEL_CHEAT
39,0x027,CMSG_SET_WORLDSTATE
40,0x028,CMSG_COOLDOWN_CHEAT
41,0x029,CMSG_USE_SKILL_CHEAT
42,0x02A,CMSG_FLAG_QUEST
43,0x02B,CMSG_FLAG_QUEST_FINISH
44,0x02C,CMSG_CLEAR_QUEST
45,0x02D,CMSG_SEND_EVENT
46,0x02E,CMSG_DEBUG_AISTATE
47,0x02F,SMSG_DEBUG_AISTATE
48,0x030,CMSG_DISABLE_PVP_CHEAT
49,0x031,CMSG_ADVANCE_SPAWN_TIME
50,0x032,SMSG_DESTRUCTIBLE_BUILDING_DAMAGE
51,0x033,CMSG_AUTH_SRP6_BEGIN
52,0x034,CMSG_AUTH_SRP6_PROOF
53,0x035,CMSG_AUTH_SRP6_RECODE
54,0x036,CMSG_CHAR_CREATE
55,0x037,CMSG_CHAR_ENUM
56,0x038,CMSG_CHAR_DELETE
57,0x039,SMSG_AUTH_SRP6_RESPONSE
58,0x03A,SMSG_CHAR_CREATE
59,0x03B,SMSG_CHAR_ENUM
60,0x03C,SMSG_CHAR_DELETE
61,0x03D,CMSG_PLAYER_LOGIN
62,0x03E,SMSG_NEW_WORLD
63,0x03F,SMSG_TRANSFER_PENDING
64,0x040,SMSG_TRANSFER_ABORTED
65,0x041,SMSG_CHARACTER_LOGIN_FAILED
66,0x042,SMSG_LOGIN_SETTIMESPEED
67,0x043,SMSG_GAMETIME_UPDATE
68,0x044,CMSG_GAMETIME_SET
69,0x045,SMSG_GAMETIME_SET
70,0x046,CMSG_GAMESPEED_SET
71,0x047,SMSG_GAMESPEED_SET
72,0x048,CMSG_SERVERTIME
73,0x049,SMSG_SERVERTIME
74,0x04A,CMSG_PLAYER_LOGOUT
75,0x04B,CMSG_LOGOUT_REQUEST
76,0x04C,SMSG_LOGOUT_RESPONSE
77,0x04D,SMSG_LOGOUT_COMPLETE
78,0x04E,CMSG_LOGOUT_CANCEL
79,0x04F,SMSG_LOGOUT_CANCEL_ACK
80,0x050,CMSG_NAME_QUERY
81,0x051,SMSG_NAME_QUERY_RESPONSE
82,0x052,CMSG_PET_NAME_QUERY
83,0x053,SMSG_PET_NAME_QUERY_RESPONSE
84,0x054,CMSG_GUILD_QUERY
85,0x055,SMSG_GUILD_QUERY_RESPONSE
86,0x056,CMSG_ITEM_QUERY_SINGLE
87,0x057,CMSG_ITEM_QUERY_MULTIPLE
88,0x058,SMSG_ITEM_QUERY_SINGLE_RESPONSE
89,0x059,SMSG_ITEM_QUERY_MULTIPLE_RESPONSE
90,0x05A,CMSG_PAGE_TEXT_QUERY
91,0x05B,SMSG_PAGE_TEXT_QUERY_RESPONSE
92,0x05C,CMSG_QUEST_QUERY
93,0x05D,SMSG_QUEST_QUERY_RESPONSE
94,0x05E,CMSG_GAMEOBJECT_QUERY
95,0x05F,SMSG_GAMEOBJECT_QUERY_RESPONSE
96,0x060,CMSG_CREATURE_QUERY
97,0x061,SMSG_CREATURE_QUERY_RESPONSE
98,0x062,CMSG_WHO
99,0x063,SMSG_WHO
100,0x064,CMSG_WHOIS
101,0x065,SMSG_WHOIS
102,0x066,CMSG_CONTACT_LIST
103,0x067,SMSG_CONTACT_LIST
104,0x068,SMSG_FRIEND_STATUS
105,0x069,CMSG_ADD_FRIEND
106,0x06A,CMSG_DEL_FRIEND
107,0x06B,CMSG_SET_CONTACT_NOTES
108,0x06C,CMSG_ADD_IGNORE
109,0x06D,CMSG_DEL_IGNORE
110,0x06E,CMSG_GROUP_INVITE
111,0x06F,SMSG_GROUP_INVITE
112,0x070,CMSG_GROUP_CANCEL
113,0x071,SMSG_GROUP_CANCEL
114,0x072,CMSG_GROUP_ACCEPT
115,0x073,CMSG_GROUP_DECLINE
116,0x074,SMSG_GROUP_DECLINE
117,0x075,CMSG_GROUP_UNINVITE
118,0x076,CMSG_GROUP_UNINVITE_GUID
119,0x077,SMSG_GROUP_UNINVITE
120,0x078,CMSG_GROUP_SET_LEADER
121,0x079,SMSG_GROUP_SET_LEADER
122,0x07A,CMSG_LOOT_METHOD
123,0x07B,CMSG_GROUP_DISBAND
124,0x07C,SMSG_GROUP_DESTROYED
125,0x07D,SMSG_GROUP_LIST
126,0x07E,SMSG_PARTY_MEMBER_STATS
127,0x07F,SMSG_PARTY_COMMAND_RESULT
128,0x080,
129,0x081,CMSG_GUILD_CREATE
130,0x082,CMSG_GUILD_INVITE
131,0x083,SMSG_GUILD_INVITE
132,0x084,CMSG_GUILD_ACCEPT
133,0x085,CMSG_GUILD_DECLINE
134,0x086,SMSG_GUILD_DECLINE
135,0x087,CMSG_GUILD_INFO
136,0x088,SMSG_GUILD_INFO
137,0x089,CMSG_GUILD_ROSTER
138,0x08A,SMSG_GUILD_ROSTER
139,0x08B,CMSG_GUILD_PROMOTE
140,0x08C,CMSG_GUILD_DEMOTE
141,0x08D,CMSG_GUILD_LEAVE
142,0x08E,CMSG_GUILD_REMOVE
143,0x08F,CMSG_GUILD_DISBAND
144,0x090,CMSG_GUILD_LEADER
145,0x091,CMSG_GUILD_MOTD
146,0x092,SMSG_GUILD_EVENT
147,0x093,SMSG_GUILD_COMMAND_RESULT
148,0x094,
149,0x095,CMSG_MESSAGECHAT
150,0x096,SMSG_MESSAGECHAT
151,0x097,CMSG_JOIN_CHANNEL
152,0x098,CMSG_LEAVE_CHANNEL
153,0x099,SMSG_CHANNEL_NOTIFY
154,0x09A,CMSG_CHANNEL_LIST
155,0x09B,SMSG_CHANNEL_LIST
156,0x09C,CMSG_CHANNEL_PASSWORD
157,0x09D,CMSG_CHANNEL_SET_OWNER
158,0x09E,CMSG_CHANNEL_OWNER
159,0x09F,CMSG_CHANNEL_MODERATOR
160,0x0A0,CMSG_CHANNEL_UNMODERATOR
161,0x0A1,CMSG_CHANNEL_MUTE
162,0x0A2,CMSG_CHANNEL_UNMUTE
163,0x0A3,CMSG_CHANNEL_INVITE
164,0x0A4,CMSG_CHANNEL_KICK
165,0x0A5,CMSG_CHANNEL_BAN
166,0x0A6,CMSG_CHANNEL_UNBAN
167,0x0A7,CMSG_CHANNEL_ANNOUNCEMENTS
168,0x0A8,CMSG_CHANNEL_MODERATE
169,0x0A9,SMSG_UPDATE_OBJECT
170,0x0AA,SMSG_DESTROY_OBJECT
171,0x0AB,CMSG_USE_ITEM
172,0x0AC,CMSG_OPEN_ITEM
173,0x0AD,CMSG_READ_ITEM
174,0x0AE,SMSG_READ_ITEM_OK
175,0x0AF,SMSG_READ_ITEM_FAILED
176,0x0B0,SMSG_ITEM_COOLDOWN
177,0x0B1,CMSG_GAMEOBJ_USE
178,0x0B2,CMSG_DESTROY_ITEMS
179,0x0B3,SMSG_GAMEOBJECT_CUSTOM_ANIM
180,0x0B4,CMSG_AREATRIGGER
181,0x0B5,MSG_MOVE_START_FORWARD
182,0x0B6,MSG_MOVE_START_BACKWARD
183,0x0B7,MSG_MOVE_STOP
184,0x0B8,MSG_MOVE_START_STRAFE_LEFT
185,0x0B9,MSG_MOVE_START_STRAFE_RIGHT
186,0x0BA,MSG_MOVE_STOP_STRAFE
187,0x0BB,MSG_MOVE_JUMP
188,0x0BC,MSG_MOVE_START_TURN_LEFT
189,0x0BD,MSG_MOVE_START_TURN_RIGHT
190,0x0BE,MSG_MOVE_STOP_TURN
191,0x0BF,MSG_MOVE_START_PITCH_UP
192,0x0C0,MSG_MOVE_START_PITCH_DOWN
193,0x0C1,MSG_MOVE_STOP_PITCH
194,0x0C2,MSG_MOVE_SET_RUN_MODE
195,0x0C3,MSG_MOVE_SET_WALK_MODE
196,0x0C4,MSG_MOVE_TOGGLE_LOGGING
197,0x0C5,MSG_MOVE_TELEPORT
198,0x0C6,MSG_MOVE_TELEPORT_CHEAT
199,0x0C7,MSG_MOVE_TELEPORT_ACK
200,0x0C8,MSG_MOVE_TOGGLE_FALL_LOGGING
201,0x0C9,MSG_MOVE_FALL_LAND
202,0x0CA,MSG_MOVE_START_SWIM
203,0x0CB,MSG_MOVE_STOP_SWIM
204,0x0CC,MSG_MOVE_SET_RUN_SPEED_CHEAT
205,0x0CD,MSG_MOVE_SET_RUN_SPEED
206,0x0CE,MSG_MOVE_SET_RUN_BACK_SPEED_CHEAT
207,0x0CF,MSG_MOVE_SET_RUN_BACK_SPEED
208,0x0D0,MSG_MOVE_SET_WALK_SPEED_CHEAT
209,0x0D1,MSG_MOVE_SET_WALK_SPEED
210,0x0D2,MSG_MOVE_SET_SWIM_SPEED_CHEAT
211,0x0D3,MSG_MOVE_SET_SWIM_SPEED
212,0x0D4,MSG_MOVE_SET_SWIM_BACK_SPEED_CHEAT
213,0x0D5,MSG_MOVE_SET_SWIM_BACK_SPEED
214,0x0D6,MSG_MOVE_SET_ALL_SPEED_CHEAT
215,0x0D7,MSG_MOVE_SET_TURN_RATE_CHEAT
216,0x0D8,MSG_MOVE_SET_TURN_RATE
217,0x0D9,MSG_MOVE_TOGGLE_COLLISION_CHEAT
218,0x0DA,MSG_MOVE_SET_FACING
219,0x0DB,MSG_MOVE_SET_PITCH
220,0x0DC,MSG_MOVE_WORLDPORT_ACK
221,0x0DD,SMSG_MONSTER_MOVE
222,0x0DE,SMSG_MOVE_WATER_WALK
223,0x0DF,SMSG_MOVE_LAND_WALK
224,0x0E0,CMSG_MOVE_CHARM_PORT_CHEAT
225,0x0E1,CMSG_MOVE_SET_RAW_POSITION
226,0x0E2,SMSG_FORCE_RUN_SPEED_CHANGE
227,0x0E3,CMSG_FORCE_RUN_SPEED_CHANGE_ACK
228,0x0E4,SMSG_FORCE_RUN_BACK_SPEED_CHANGE
229,0x0E5,CMSG_FORCE_RUN_BACK_SPEED_CHANGE_ACK
230,0x0E6,SMSG_FORCE_SWIM_SPEED_CHANGE
231,0x0E7,CMSG_FORCE_SWIM_SPEED_CHANGE_ACK
232,0x0E8,SMSG_FORCE_MOVE_ROOT
233,0x0E9,CMSG_FORCE_MOVE_ROOT_ACK
234,0x0EA,SMSG_FORCE_MOVE_UNROOT
235,0x0EB,CMSG_FORCE_MOVE_UNROOT_ACK
236,0x0EC,MSG_MOVE_ROOT
237,0x0ED,MSG_MOVE_UNROOT
238,0x0EE,MSG_MOVE_HEARTBEAT
239,0x0EF,SMSG_MOVE_KNOCK_BACK
240,0x0F0,CMSG_MOVE_KNOCK_BACK_ACK
241,0x0F1,MSG_MOVE_KNOCK_BACK
242,0x0F2,SMSG_MOVE_FEATHER_FALL
243,0x0F3,SMSG_MOVE_NORMAL_FALL
244,0x0F4,SMSG_MOVE_SET_HOVER
245,0x0F5,SMSG_MOVE_UNSET_HOVER
246,0x0F6,CMSG_MOVE_HOVER_ACK
247,0x0F7,MSG_MOVE_HOVER
248,0x0F8,CMSG_TRIGGER_CINEMATIC_CHEAT
249,0x0F9,CMSG_OPENING_CINEMATIC
250,0x0FA,SMSG_TRIGGER_CINEMATIC
251,0x0FB,CMSG_NEXT_CINEMATIC_CAMERA
252,0x0FC,CMSG_COMPLETE_CINEMATIC
253,0x0FD,SMSG_TUTORIAL_FLAGS
254,0x0FE,CMSG_TUTORIAL_FLAG
255,0x0FF,CMSG_TUTORIAL_CLEAR
256,0x100,CMSG_TUTORIAL_RESET
257,0x101,CMSG_STANDSTATECHANGE
258,0x102,CMSG_EMOTE
259,0x103,SMSG_EMOTE
260,0x104,CMSG_TEXT_EMOTE
261,0x105,SMSG_TEXT_EMOTE
262,0x106,CMSG_AUTOEQUIP_GROUND_ITEM
263,0x107,CMSG_AUTOSTORE_GROUND_ITEM
264,0x108,CMSG_AUTOSTORE_LOOT_ITEM
265,0x109,CMSG_STORE_LOOT_IN_SLOT
266,0x10A,CMSG_AUTOEQUIP_ITEM
267,0x10B,CMSG_AUTOSTORE_BAG_ITEM
268,0x10C,CMSG_SWAP_ITEM
269,0x10D,CMSG_SWAP_INV_ITEM
270,0x10E,CMSG_SPLIT_ITEM
271,0x10F,CMSG_AUTOEQUIP_ITEM_SLOT
272,0x110,CMSG_UNCLAIM_LICENSE
273,0x111,CMSG_DESTROYITEM
274,0x112,SMSG_INVENTORY_CHANGE_FAILURE
275,0x113,SMSG_OPEN_CONTAINER
276,0x114,CMSG_INSPECT
277,0x115,SMSG_INSPECT_RESULTS_UPDATE
278,0x116,CMSG_INITIATE_TRADE
279,0x117,CMSG_BEGIN_TRADE
280,0x118,CMSG_BUSY_TRADE
281,0x119,CMSG_IGNORE_TRADE
282,0x11A,CMSG_ACCEPT_TRADE
283,0x11B,CMSG_UNACCEPT_TRADE
284,0x11C,CMSG_CANCEL_TRADE
285,0x11D,CMSG_SET_TRADE_ITEM
286,0x11E,CMSG_CLEAR_TRADE_ITEM
287,0x11F,CMSG_SET_TRADE_GOLD
288,0x120,SMSG_TRADE_STATUS
289,0x121,SMSG_TRADE_STATUS_EXTENDED
290,0x122,SMSG_INITIALIZE_FACTIONS
291,0x123,SMSG_SET_FACTION_VISIBLE
292,0x124,SMSG_SET_FACTION_STANDING
293,0x125,CMSG_SET_FACTION_ATWAR
294,0x126,CMSG_SET_FACTION_CHEAT
295,0x127,SMSG_SET_PROFICIENCY
296,0x128,CMSG_SET_ACTION_BUTTON
297,0x129,SMSG_ACTION_BUTTONS
298,0x12A,SMSG_INITIAL_SPELLS
299,0x12B,SMSG_LEARNED_SPELL
300,0x12C,SMSG_SUPERCEDED_SPELL
301,0x12D,CMSG_NEW_SPELL_SLOT
302,0x12E,CMSG_CAST_SPELL
303,0x12F,CMSG_CANCEL_CAST
304,0x130,SMSG_CAST_FAILED
305,0x131,SMSG_SPELL_START
306,0x132,SMSG_SPELL_GO
307,0x133,SMSG_SPELL_FAILURE
308,0x134,SMSG_SPELL_COOLDOWN
309,0x135,SMSG_COOLDOWN_EVENT
310,0x136,CMSG_CANCEL_AURA
311,0x137,SMSG_EQUIPMENT_SET_SAVED
312,0x138,SMSG_PET_CAST_FAILED
313,0x139,MSG_CHANNEL_START
314,0x13A,MSG_CHANNEL_UPDATE
315,0x13B,CMSG_CANCEL_CHANNELLING
316,0x13C,SMSG_AI_REACTION
317,0x13D,CMSG_SET_SELECTION
318,0x13E,CMSG_DELETEEQUIPMENT_SET
319,0x13F,CMSG_INSTANCE_LOCK_RESPONSE
320,0x140,CMSG_DEBUG_PASSIVE_AURA
321,0x141,CMSG_ATTACKSWING
322,0x142,CMSG_ATTACKSTOP
323,0x143,SMSG_ATTACKSTART
324,0x144,SMSG_ATTACKSTOP
325,0x145,SMSG_ATTACKSWING_NOTINRANGE
326,0x146,SMSG_ATTACKSWING_BADFACING
327,0x147,SMSG_INSTANCE_LOCK_WARNING_QUERY
328,0x148,SMSG_ATTACKSWING_DEADTARGET
329,0x149,SMSG_ATTACKSWING_CANT_ATTACK
330,0x14A,SMSG_ATTACKERSTATEUPDATE
331,0x14B,SMSG_BATTLEFIELD_PORT_DENIED
332,0x14C,CMSG_PERFORM_ACTION_SET
333,0x14D,SMSG_RESUME_CAST_BAR
334,0x14E,SMSG_CANCEL_COMBAT
335,0x14F,SMSG_SPELLBREAKLOG
336,0x150,SMSG_SPELLHEALLOG
337,0x151,SMSG_SPELLENERGIZELOG
338,0x152,SMSG_BREAK_TARGET
339,0x153,CMSG_SAVE_PLAYER
340,0x154,CMSG_SETDEATHBINDPOINT
341,0x155,SMSG_BINDPOINTUPDATE
342,0x156,CMSG_GETDEATHBINDZONE
343,0x157,SMSG_BINDZONEREPLY
344,0x158,SMSG_PLAYERBOUND
345,0x159,SMSG_CLIENT_CONTROL_UPDATE
346,0x15A,CMSG_REPOP_REQUEST
347,0x15B,SMSG_RESURRECT_REQUEST
348,0x15C,CMSG_RESURRECT_RESPONSE
349,0x15D,CMSG_LOOT
350,0x15E,CMSG_LOOT_MONEY
351,0x15F,CMSG_LOOT_RELEASE
352,0x160,SMSG_LOOT_RESPONSE
353,0x161,SMSG_LOOT_RELEASE_RESPONSE
354,0x162,SMSG_LOOT_REMOVED
355,0x163,SMSG_LOOT_MONEY_NOTIFY
356,0x164,SMSG_LOOT_ITEM_NOTIFY
357,0x165,SMSG_LOOT_CLEAR_MONEY
358,0x166,SMSG_ITEM_PUSH_RESULT
359,0x167,SMSG_DUEL_REQUESTED
360,0x168,SMSG_DUEL_OUTOFBOUNDS
361,0x169,SMSG_DUEL_INBOUNDS
362,0x16A,SMSG_DUEL_COMPLETE
363,0x16B,SMSG_DUEL_WINNER
364,0x16C,CMSG_DUEL_ACCEPTED
365,0x16D,CMSG_DUEL_CANCELLED
366,0x16E,SMSG_MOUNTRESULT
367,0x16F,SMSG_DISMOUNTRESULT
368,0x170,SMSG_REMOVED_FROM_PVP_QUEUE
369,0x171,CMSG_MOUNTSPECIAL_ANIM
370,0x172,SMSG_MOUNTSPECIAL_ANIM
371,0x173,SMSG_PET_TAME_FAILURE
372,0x174,CMSG_PET_SET_ACTION
373,0x175,CMSG_PET_ACTION
374,0x176,CMSG_PET_ABANDON
375,0x177,CMSG_PET_RENAME
376,0x178,SMSG_PET_NAME_INVALID
377,0x179,SMSG_PET_SPELLS
378,0x17A,SMSG_PET_MODE
379,0x17B,CMSG_GOSSIP_HELLO
380,0x17C,CMSG_GOSSIP_SELECT_OPTION
381,0x17D,SMSG_GOSSIP_MESSAGE
382,0x17E,SMSG_GOSSIP_COMPLETE
383,0x17F,CMSG_NPC_TEXT_QUERY
384,0x180,SMSG_NPC_TEXT_UPDATE
385,0x181,SMSG_NPC_WONT_TALK
386,0x182,CMSG_QUESTGIVER_STATUS_QUERY
387,0x183,SMSG_QUESTGIVER_STATUS
388,0x184,CMSG_QUESTGIVER_HELLO
389,0x185,SMSG_QUESTGIVER_QUEST_LIST
390,0x186,CMSG_QUESTGIVER_QUERY_QUEST
391,0x187,CMSG_QUESTGIVER_QUEST_AUTOLAUNCH
392,0x188,SMSG_QUESTGIVER_QUEST_DETAILS
393,0x189,CMSG_QUESTGIVER_ACCEPT_QUEST
394,0x18A,CMSG_QUESTGIVER_COMPLETE_QUEST
395,0x18B,SMSG_QUESTGIVER_REQUEST_ITEMS
396,0x18C,CMSG_QUESTGIVER_REQUEST_REWARD
397,0x18D,SMSG_QUESTGIVER_OFFER_REWARD
398,0x18E,CMSG_QUESTGIVER_CHOOSE_REWARD
399,0x18F,SMSG_QUESTGIVER_QUEST_INVALID
400,0x190,CMSG_QUESTGIVER_CANCEL
401,0x191,SMSG_QUESTGIVER_QUEST_COMPLETE
402,0x192,SMSG_QUESTGIVER_QUEST_FAILED
403,0x193,CMSG_QUESTLOG_SWAP_QUEST
404,0x194,CMSG_QUESTLOG_REMOVE_QUEST
405,0x195,SMSG_QUESTLOG_FULL
406,0x196,SMSG_QUESTUPDATE_FAILED
407,0x197,SMSG_QUESTUPDATE_FAILEDTIMER
408,0x198,SMSG_QUESTUPDATE_COMPLETE
409,0x199,SMSG_QUESTUPDATE_ADD_KILL
410,0x19A,SMSG_QUESTUPDATE_ADD_ITEM
411,0x19B,CMSG_QUEST_CONFIRM_ACCEPT
412,0x19C,SMSG_QUEST_CONFIRM_ACCEPT
413,0x19D,CMSG_PUSHQUESTTOPARTY
414,0x19E,CMSG_LIST_INVENTORY
415,0x19F,SMSG_LIST_INVENTORY
416,0x1A0,CMSG_SELL_ITEM
417,0x1A1,SMSG_SELL_ITEM
418,0x1A2,CMSG_BUY_ITEM
419,0x1A3,CMSG_BUY_ITEM_IN_SLOT
420,0x1A4,SMSG_BUY_ITEM
421,0x1A5,SMSG_BUY_FAILED
422,0x1A6,CMSG_TAXICLEARALLNODES
423,0x1A7,CMSG_TAXIENABLEALLNODES
424,0x1A8,CMSG_TAXISHOWNODES
425,0x1A9,SMSG_SHOWTAXINODES
426,0x1AA,CMSG_TAXINODE_STATUS_QUERY
427,0x1AB,SMSG_TAXINODE_STATUS
428,0x1AC,CMSG_TAXIQUERYAVAILABLENODES
429,0x1AD,CMSG_ACTIVATETAXI
430,0x1AE,SMSG_ACTIVATETAXIREPLY
431,0x1AF,SMSG_NEW_TAXI_PATH
432,0x1B0,CMSG_TRAINER_LIST
433,0x1B1,SMSG_TRAINER_LIST
434,0x1B2,CMSG_TRAINER_BUY_SPELL
435,0x1B3,SMSG_TRAINER_BUY_SUCCEEDED
436,0x1B4,SMSG_TRAINER_BUY_FAILED
437,0x1B5,CMSG_BINDER_ACTIVATE
438,0x1B6,SMSG_PLAYERBINDERROR
439,0x1B7,CMSG_BANKER_ACTIVATE
440,0x1B8,SMSG_SHOW_BANK
441,0x1B9,CMSG_BUY_BANK_SLOT
442,0x1BA,SMSG_BUY_BANK_SLOT_RESULT
443,0x1BB,CMSG_PETITION_SHOWLIST
444,0x1BC,SMSG_PETITION_SHOWLIST
445,0x1BD,CMSG_PETITION_BUY
446,0x1BE,CMSG_PETITION_SHOW_SIGNATURES
447,0x1BF,SMSG_PETITION_SHOW_SIGNATURES
448,0x1C0,CMSG_PETITION_SIGN
449,0x1C1,SMSG_PETITION_SIGN_RESULTS
450,0x1C2,MSG_PETITION_DECLINE
451,0x1C3,CMSG_OFFER_PETITION
452,0x1C4,CMSG_TURN_IN_PETITION
453,0x1C5,SMSG_TURN_IN_PETITION_RESULTS
454,0x1C6,CMSG_PETITION_QUERY
455,0x1C7,SMSG_PETITION_QUERY_RESPONSE
456,0x1C8,SMSG_FISH_NOT_HOOKED
457,0x1C9,SMSG_FISH_ESCAPED
458,0x1CA,CMSG_BUG
459,0x1CB,SMSG_NOTIFICATION
460,0x1CC,CMSG_PLAYED_TIME
461,0x1CD,SMSG_PLAYED_TIME
462,0x1CE,CMSG_QUERY_TIME
463,0x1CF,SMSG_QUERY_TIME_RESPONSE
464,0x1D0,SMSG_LOG_XPGAIN
465,0x1D1,SMSG_AURACASTLOG
466,0x1D2,CMSG_RECLAIM_CORPSE
467,0x1D3,CMSG_WRAP_ITEM
468,0x1D4,SMSG_LEVELUP_INFO
469,0x1D5,MSG_MINIMAP_PING
470,0x1D6,SMSG_RESISTLOG
471,0x1D7,SMSG_ENCHANTMENTLOG
472,0x1D8,CMSG_SET_SKILL_CHEAT
473,0x1D9,SMSG_START_MIRROR_TIMER
474,0x1DA,SMSG_PAUSE_MIRROR_TIMER
475,0x1DB,SMSG_STOP_MIRROR_TIMER
476,0x1DC,CMSG_PING
477,0x1DD,SMSG_PONG
478,0x1DE,SMSG_CLEAR_COOLDOWN
479,0x1DF,SMSG_GAMEOBJECT_PAGETEXT
480,0x1E0,CMSG_SETSHEATHED
481,0x1E1,SMSG_COOLDOWN_CHEAT
482,0x1E2,SMSG_SPELL_DELAYED
483,0x1E3,CMSG_QUEST_POI_QUERY
484,0x1E4,SMSG_QUEST_POI_QUERY_RESPONSE
485,0x1E5,CMSG_GHOST
486,0x1E6,CMSG_GM_INVIS
487,0x1E7,SMSG_INVALID_PROMOTION_CODE
488,0x1E8,MSG_GM_BIND_OTHER
489,0x1E9,MSG_GM_SUMMON
490,0x1EA,SMSG_ITEM_TIME_UPDATE
491,0x1EB,SMSG_ITEM_ENCHANT_TIME_UPDATE
492,0x1EC,SMSG_AUTH_CHALLENGE
493,0x1ED,CMSG_AUTH_SESSION
494,0x1EE,SMSG_AUTH_RESPONSE
495,0x1EF,MSG_GM_SHOWLABEL
496,0x1F0,CMSG_PET_CAST_SPELL
497,0x1F1,MSG_SAVE_GUILD_EMBLEM
498,0x1F2,MSG_TABARDVENDOR_ACTIVATE
499,0x1F3,SMSG_PLAY_SPELL_VISUAL
500,0x1F4,CMSG_ZONEUPDATE
501,0x1F5,SMSG_PARTYKILLLOG
502,0x1F6,SMSG_COMPRESSED_UPDATE_OBJECT
503,0x1F7,SMSG_PLAY_SPELL_IMPACT
504,0x1F8,SMSG_EXPLORATION_EXPERIENCE
505,0x1F9,CMSG_GM_SET_SECURITY_GROUP
506,0x1FA,CMSG_GM_NUKE
507,0x1FB,MSG_RANDOM_ROLL
508,0x1FC,SMSG_ENVIRONMENTALDAMAGELOG
509,0x1FD,CMSG_CHANGEPLAYER_DIFFICULTY
510,0x1FE,SMSG_RWHOIS
511,0x1FF,SMSG_LFG_PLAYER_REWARD
512,0x200,SMSG_LFG_TELEPORT_DENIED
513,0x201,
514,0x202,CMSG_UNLEARN_SKILL
515,0x203,SMSG_REMOVED_SPELL
516,0x204,CMSG_DECHARGE
517,0x205,CMSG_GMTICKET_CREATE
518,0x206,SMSG_GMTICKET_CREATE
519,0x207,CMSG_GMTICKET_UPDATETEXT
520,0x208,SMSG_GMTICKET_UPDATETEXT
521,0x209,SMSG_ACCOUNT_DATA_TIMES
522,0x20A,CMSG_REQUEST_ACCOUNT_DATA
523,0x20B,CMSG_UPDATE_ACCOUNT_DATA
524,0x20C,SMSG_UPDATE_ACCOUNT_DATA
525,0x20D,SMSG_CLEAR_FAR_SIGHT_IMMEDIATE
526,0x20E,SMSG_CHANGEPLAYER_DIFFICULTY_RESULT
527,0x20F,CMSG_GM_TEACH
528,0x210,CMSG_GM_CREATE_ITEM_TARGET
529,0x211,CMSG_GMTICKET_GETTICKET
530,0x212,SMSG_GMTICKET_GETTICKET
531,0x213,CMSG_UNLEARN_TALENTS
532,0x214,SMSG_UPDATE_INSTANCE_ENCOUNTER_UNIT
533,0x215,SMSG_GAMEOBJECT_DESPAWN_ANIM
534,0x216,MSG_CORPSE_QUERY
535,0x217,CMSG_GMTICKET_DELETETICKET
536,0x218,SMSG_GMTICKET_DELETETICKET
537,0x219,SMSG_CHAT_WRONG_FACTION
538,0x21A,CMSG_GMTICKET_SYSTEMSTATUS
539,0x21B,SMSG_GMTICKET_SYSTEMSTATUS
540,0x21C,CMSG_SPIRIT_HEALER_ACTIVATE
541,0x21D,CMSG_SET_STAT_CHEAT
542,0x21E,SMSG_QUEST_FORCE_REMOVE
543,0x21F,CMSG_SKILL_BUY_STEP
544,0x220,CMSG_SKILL_BUY_RANK
545,0x221,CMSG_XP_CHEAT
546,0x222,SMSG_SPIRIT_HEALER_CONFIRM
547,0x223,CMSG_CHARACTER_POINT_CHEAT
548,0x224,SMSG_GOSSIP_POI
549,0x225,CMSG_CHAT_IGNORED
550,0x226,CMSG_GM_VISION
551,0x227,CMSG_SERVER_COMMAND
552,0x228,CMSG_GM_SILENCE
553,0x229,CMSG_GM_REVEALTO
554,0x22A,CMSG_GM_RESURRECT
555,0x22B,CMSG_GM_SUMMONMOB
556,0x22C,CMSG_GM_MOVECORPSE
557,0x22D,CMSG_GM_FREEZE
558,0x22E,CMSG_GM_UBERINVIS
559,0x22F,CMSG_GM_REQUEST_PLAYER_INFO
560,0x230,SMSG_GM_PLAYER_INFO
561,0x231,CMSG_GUILD_RANK
562,0x232,CMSG_GUILD_ADD_RANK
563,0x233,CMSG_GUILD_DEL_RANK
564,0x234,CMSG_GUILD_SET_PUBLIC_NOTE
565,0x235,CMSG_GUILD_SET_OFFICER_NOTE
566,0x236,SMSG_LOGIN_VERIFY_WORLD
567,0x237,CMSG_CLEAR_EXPLORATION
568,0x238,CMSG_SEND_MAIL
569,0x239,SMSG_SEND_MAIL_RESULT
570,0x23A,CMSG_GET_MAIL_LIST
571,0x23B,SMSG_MAIL_LIST_RESULT
572,0x23C,CMSG_BATTLEFIELD_LIST
573,0x23D,SMSG_BATTLEFIELD_LIST
574,0x23E,CMSG_BATTLEFIELD_JOIN
575,0x23F,SMSG_FORCE_SET_VEHICLE_REC_ID
576,0x240,CMSG_SET_VEHICLE_REC_ID_ACK
577,0x241,CMSG_TAXICLEARNODE
578,0x242,CMSG_TAXIENABLENODE
579,0x243,CMSG_ITEM_TEXT_QUERY
580,0x244,SMSG_ITEM_TEXT_QUERY_RESPONSE
581,0x245,CMSG_MAIL_TAKE_MONEY
582,0x246,CMSG_MAIL_TAKE_ITEM
583,0x247,CMSG_MAIL_MARK_AS_READ
584,0x248,CMSG_MAIL_RETURN_TO_SENDER
585,0x249,CMSG_MAIL_DELETE
586,0x24A,CMSG_MAIL_CREATE_TEXT_ITEM
587,0x24B,SMSG_SPELLLOGMISS
588,0x24C,SMSG_SPELLLOGEXECUTE
589,0x24D,SMSG_DEBUGAURAPROC
590,0x24E,SMSG_PERIODICAURALOG
591,0x24F,SMSG_SPELLDAMAGESHIELD
592,0x250,SMSG_SPELLNONMELEEDAMAGELOG
593,0x251,CMSG_LEARN_TALENT
594,0x252,SMSG_RESURRECT_FAILED
595,0x253,CMSG_TOGGLE_PVP
596,0x254,SMSG_ZONE_UNDER_ATTACK
597,0x255,MSG_AUCTION_HELLO
598,0x256,CMSG_AUCTION_SELL_ITEM
599,0x257,CMSG_AUCTION_REMOVE_ITEM
600,0x258,CMSG_AUCTION_LIST_ITEMS
601,0x259,CMSG_AUCTION_LIST_OWNER_ITEMS
602,0x25A,CMSG_AUCTION_PLACE_BID
603,0x25B,SMSG_AUCTION_COMMAND_RESULT
604,0x25C,SMSG_AUCTION_LIST_RESULT
605,0x25D,SMSG_AUCTION_OWNER_LIST_RESULT
606,0x25E,SMSG_AUCTION_BIDDER_NOTIFICATION
607,0x25F,SMSG_AUCTION_OWNER_NOTIFICATION
608,0x260,SMSG_PROCRESIST
609,0x261,SMSG_COMBAT_EVENT_FAILED
610,0x262,SMSG_DISPEL_FAILED
611,0x263,SMSG_SPELLORDAMAGE_IMMUNE
612,0x264,CMSG_AUCTION_LIST_BIDDER_ITEMS
613,0x265,SMSG_AUCTION_BIDDER_LIST_RESULT
614,0x266,SMSG_SET_FLAT_SPELL_MODIFIER
615,0x267,SMSG_SET_PCT_SPELL_MODIFIER
616,0x268,CMSG_SET_AMMO
617,0x269,SMSG_CORPSE_RECLAIM_DELAY
618,0x26A,CMSG_SET_ACTIVE_MOVER
619,0x26B,CMSG_PET_CANCEL_AURA
620,0x26C,CMSG_PLAYER_AI_CHEAT
621,0x26D,CMSG_CANCEL_AUTO_REPEAT_SPELL
622,0x26E,MSG_GM_ACCOUNT_ONLINE
623,0x26F,MSG_LIST_STABLED_PETS
624,0x270,CMSG_STABLE_PET
625,0x271,CMSG_UNSTABLE_PET
626,0x272,CMSG_BUY_STABLE_SLOT
627,0x273,SMSG_STABLE_RESULT
628,0x274,CMSG_STABLE_REVIVE_PET
629,0x275,CMSG_STABLE_SWAP_PET
630,0x276,MSG_QUEST_PUSH_RESULT
631,0x277,SMSG_PLAY_MUSIC
632,0x278,SMSG_PLAY_OBJECT_SOUND
633,0x279,CMSG_REQUEST_PET_INFO
634,0x27A,CMSG_FAR_SIGHT
635,0x27B,SMSG_SPELLDISPELLOG
636,0x27C,SMSG_DAMAGE_CALC_LOG
637,0x27D,CMSG_ENABLE_DAMAGE_LOG
638,0x27E,CMSG_GROUP_CHANGE_SUB_GROUP
639,0x27F,CMSG_REQUEST_PARTY_MEMBER_STATS
640,0x280,CMSG_GROUP_SWAP_SUB_GROUP
641,0x281,CMSG_RESET_FACTION_CHEAT
642,0x282,CMSG_AUTOSTORE_BANK_ITEM
643,0x283,CMSG_AUTOBANK_ITEM
644,0x284,MSG_QUERY_NEXT_MAIL_TIME
645,0x285,SMSG_RECEIVED_MAIL
646,0x286,SMSG_RAID_GROUP_ONLY
647,0x287,CMSG_SET_DURABILITY_CHEAT
648,0x288,CMSG_SET_PVP_RANK_CHEAT
649,0x289,CMSG_ADD_PVP_MEDAL_CHEAT
650,0x28A,CMSG_DEL_PVP_MEDAL_CHEAT
651,0x28B,CMSG_SET_PVP_TITLE
652,0x28C,SMSG_PVP_CREDIT
653,0x28D,SMSG_AUCTION_REMOVED_NOTIFICATION
654,0x28E,CMSG_GROUP_RAID_CONVERT
655,0x28F,CMSG_GROUP_ASSISTANT_LEADER
656,0x290,CMSG_BUYBACK_ITEM
657,0x291,SMSG_SERVER_MESSAGE
658,0x292,CMSG_SET_SAVED_INSTANCE_EXTEND
659,0x293,SMSG_LFG_OFFER_CONTINUE
660,0x294,CMSG_TEST_DROP_RATE
661,0x295,SMSG_TEST_DROP_RATE_RESULT
662,0x296,CMSG_LFG_GET_STATUS
663,0x297,SMSG_SHOW_MAILBOX
664,0x298,SMSG_RESET_RANGED_COMBAT_TIMER
665,0x299,SMSG_CHAT_NOT_IN_PARTY
666,0x29A,CMSG_GMTICKETSYSTEM_TOGGLE
667,0x29B,CMSG_CANCEL_GROWTH_AURA
668,0x29C,SMSG_CANCEL_AUTO_REPEAT
669,0x29D,SMSG_STANDSTATE_UPDATE
670,0x29E,SMSG_LOOT_ALL_PASSED
671,0x29F,SMSG_LOOT_ROLL_WON
672,0x2A0,CMSG_LOOT_ROLL
673,0x2A1,SMSG_LOOT_START_ROLL
674,0x2A2,SMSG_LOOT_ROLL
675,0x2A3,CMSG_LOOT_MASTER_GIVE
676,0x2A4,SMSG_LOOT_MASTER_LIST
677,0x2A5,SMSG_SET_FORCED_REACTIONS
678,0x2A6,SMSG_SPELL_FAILED_OTHER
679,0x2A7,SMSG_GAMEOBJECT_RESET_STATE
680,0x2A8,CMSG_REPAIR_ITEM
681,0x2A9,SMSG_CHAT_PLAYER_NOT_FOUND
682,0x2AA,MSG_TALENT_WIPE_CONFIRM
683,0x2AB,SMSG_SUMMON_REQUEST
684,0x2AC,CMSG_SUMMON_RESPONSE
685,0x2AD,MSG_DEV_SHOWLABEL
686,0x2AE,SMSG_MONSTER_MOVE_TRANSPORT
687,0x2AF,SMSG_PET_BROKEN
688,0x2B0,MSG_MOVE_FEATHER_FALL
689,0x2B1,MSG_MOVE_WATER_WALK
690,0x2B2,CMSG_SERVER_BROADCAST
691,0x2B3,CMSG_SELF_RES
692,0x2B4,SMSG_FEIGN_DEATH_RESISTED
693,0x2B5,CMSG_RUN_SCRIPT
694,0x2B6,SMSG_SCRIPT_MESSAGE
695,0x2B7,SMSG_DUEL_COUNTDOWN
696,0x2B8,SMSG_AREA_TRIGGER_MESSAGE
697,0x2B9,CMSG_SHOWING_HELM
698,0x2BA,CMSG_SHOWING_CLOAK
699,0x2BB,SMSG_LFG_ROLE_CHOSEN
700,0x2BC,SMSG_PLAYER_SKINNED
701,0x2BD,SMSG_DURABILITY_DAMAGE_DEATH
702,0x2BE,CMSG_SET_EXPLORATION
703,0x2BF,CMSG_SET_ACTIONBAR_TOGGLES
704,0x2C0,
705,0x2C1,MSG_PETITION_RENAME
706,0x2C2,SMSG_INIT_WORLD_STATES
707,0x2C3,SMSG_UPDATE_WORLD_STATE
708,0x2C4,CMSG_ITEM_NAME_QUERY
709,0x2C5,SMSG_ITEM_NAME_QUERY_RESPONSE
710,0x2C6,SMSG_PET_ACTION_FEEDBACK
711,0x2C7,CMSG_CHAR_RENAME
712,0x2C8,SMSG_CHAR_RENAME
713,0x2C9,CMSG_MOVE_SPLINE_DONE
714,0x2CA,CMSG_MOVE_FALL_RESET
715,0x2CB,SMSG_INSTANCE_SAVE_CREATED
716,0x2CC,SMSG_RAID_INSTANCE_INFO
717,0x2CD,CMSG_REQUEST_RAID_INFO
718,0x2CE,CMSG_MOVE_TIME_SKIPPED
719,0x2CF,CMSG_MOVE_FEATHER_FALL_ACK
720,0x2D0,CMSG_MOVE_WATER_WALK_ACK
721,0x2D1,CMSG_MOVE_NOT_ACTIVE_MOVER
722,0x2D2,SMSG_PLAY_SOUND
723,0x2D3,CMSG_BATTLEFIELD_STATUS
724,0x2D4,SMSG_BATTLEFIELD_STATUS
725,0x2D5,CMSG_BATTLEFIELD_PORT
726,0x2D6,MSG_INSPECT_HONOR_STATS
727,0x2D7,CMSG_BATTLEMASTER_HELLO
728,0x2D8,CMSG_MOVE_START_SWIM_CHEAT
729,0x2D9,CMSG_MOVE_STOP_SWIM_CHEAT
730,0x2DA,SMSG_FORCE_WALK_SPEED_CHANGE
731,0x2DB,CMSG_FORCE_WALK_SPEED_CHANGE_ACK
732,0x2DC,SMSG_FORCE_SWIM_BACK_SPEED_CHANGE
733,0x2DD,CMSG_FORCE_SWIM_BACK_SPEED_CHANGE_ACK
734,0x2DE,SMSG_FORCE_TURN_RATE_CHANGE
735,0x2DF,CMSG_FORCE_TURN_RATE_CHANGE_ACK
736,0x2E0,MSG_PVP_LOG_DATA
737,0x2E1,CMSG_LEAVE_BATTLEFIELD
738,0x2E2,CMSG_AREA_SPIRIT_HEALER_QUERY
739,0x2E3,CMSG_AREA_SPIRIT_HEALER_QUEUE
740,0x2E4,SMSG_AREA_SPIRIT_HEALER_TIME
741,0x2E5,CMSG_GM_UNTEACH
742,0x2E6,SMSG_WARDEN_DATA
743,0x2E7,CMSG_WARDEN_DATA
744,0x2E8,SMSG_GROUP_JOINED_BATTLEGROUND
745,0x2E9,MSG_BATTLEGROUND_PLAYER_POSITIONS
746,0x2EA,CMSG_PET_STOP_ATTACK
747,0x2EB,SMSG_BINDER_CONFIRM
748,0x2EC,SMSG_BATTLEGROUND_PLAYER_JOINED
749,0x2ED,SMSG_BATTLEGROUND_PLAYER_LEFT
750,0x2EE,CMSG_BATTLEMASTER_JOIN
751,0x2EF,SMSG_ADDON_INFO
752,0x2F0,CMSG_PET_UNLEARN
753,0x2F1,SMSG_PET_UNLEARN_CONFIRM
754,0x2F2,SMSG_PARTY_MEMBER_STATS_FULL
755,0x2F3,CMSG_PET_SPELL_AUTOCAST
756,0x2F4,SMSG_WEATHER
757,0x2F5,SMSG_PLAY_TIME_WARNING
758,0x2F6,SMSG_MINIGAME_SETUP
759,0x2F7,SMSG_MINIGAME_STATE
760,0x2F8,CMSG_MINIGAME_MOVE
761,0x2F9,SMSG_MINIGAME_MOVE_FAILED
762,0x2FA,SMSG_RAID_INSTANCE_MESSAGE
763,0x2FB,SMSG_COMPRESSED_MOVES
764,0x2FC,CMSG_GUILD_INFO_TEXT
765,0x2FD,SMSG_CHAT_RESTRICTED
766,0x2FE,SMSG_SPLINE_SET_RUN_SPEED
767,0x2FF,SMSG_SPLINE_SET_RUN_BACK_SPEED
768,0x300,SMSG_SPLINE_SET_SWIM_SPEED
769,0x301,SMSG_SPLINE_SET_WALK_SPEED
770,0x302,SMSG_SPLINE_SET_SWIM_BACK_SPEED
771,0x303,SMSG_SPLINE_SET_TURN_RATE
772,0x304,SMSG_SPLINE_MOVE_UNROOT
773,0x305,SMSG_SPLINE_MOVE_FEATHER_FALL
774,0x306,SMSG_SPLINE_MOVE_NORMAL_FALL
775,0x307,SMSG_SPLINE_MOVE_SET_HOVER
776,0x308,SMSG_SPLINE_MOVE_UNSET_HOVER
777,0x309,SMSG_SPLINE_MOVE_WATER_WALK
778,0x30A,SMSG_SPLINE_MOVE_LAND_WALK
779,0x30B,SMSG_SPLINE_MOVE_START_SWIM
780,0x30C,SMSG_SPLINE_MOVE_STOP_SWIM
781,0x30D,SMSG_SPLINE_MOVE_SET_RUN_MODE
782,0x30E,SMSG_SPLINE_MOVE_SET_WALK_MODE
783,0x30F,CMSG_GM_NUKE_ACCOUNT
784,0x310,MSG_GM_DESTROY_CORPSE
785,0x311,CMSG_GM_DESTROY_ONLINE_CORPSE
786,0x312,CMSG_ACTIVATETAXIEXPRESS
787,0x313,SMSG_SET_FACTION_ATWAR
788,0x314,SMSG_GAMETIMEBIAS_SET
789,0x315,CMSG_DEBUG_ACTIONS_START
790,0x316,CMSG_DEBUG_ACTIONS_STOP
791,0x317,CMSG_SET_FACTION_INACTIVE
792,0x318,CMSG_SET_WATCHED_FACTION
793,0x319,MSG_MOVE_TIME_SKIPPED
794,0x31A,SMSG_SPLINE_MOVE_ROOT
795,0x31B,CMSG_SET_EXPLORATION_ALL
796,0x31C,SMSG_INVALIDATE_PLAYER
797,0x31D,CMSG_RESET_INSTANCES
798,0x31E,SMSG_INSTANCE_RESET
799,0x31F,SMSG_INSTANCE_RESET_FAILED
800,0x320,SMSG_UPDATE_LAST_INSTANCE
801,0x321,MSG_RAID_TARGET_UPDATE
802,0x322,MSG_RAID_READY_CHECK
803,0x323,CMSG_LUA_USAGE
804,0x324,SMSG_PET_ACTION_SOUND
805,0x325,SMSG_PET_DISMISS_SOUND
806,0x326,SMSG_GHOSTEE_GONE
807,0x327,CMSG_GM_UPDATE_TICKET_STATUS
808,0x328,SMSG_GM_TICKET_STATUS_UPDATE
809,0x329,MSG_SET_DUNGEON_DIFFICULTY
810,0x32A,CMSG_GMSURVEY_SUBMIT
811,0x32B,SMSG_UPDATE_INSTANCE_OWNERSHIP
812,0x32C,CMSG_IGNORE_KNOCKBACK_CHEAT
813,0x32D,SMSG_CHAT_PLAYER_AMBIGUOUS
814,0x32E,MSG_DELAY_GHOST_TELEPORT
815,0x32F,SMSG_SPELLINSTAKILLLOG
816,0x330,SMSG_SPELL_UPDATE_CHAIN_TARGETS
817,0x331,CMSG_CHAT_FILTERED
818,0x332,SMSG_EXPECTED_SPAM_RECORDS
819,0x333,SMSG_SPELLSTEALLOG
820,0x334,CMSG_LOTTERY_QUERY_OBSOLETE
821,0x335,SMSG_LOTTERY_QUERY_RESULT_OBSOLETE
822,0x336,CMSG_BUY_LOTTERY_TICKET_OBSOLETE
823,0x337,SMSG_LOTTERY_RESULT_OBSOLETE
824,0x338,SMSG_CHARACTER_PROFILE
825,0x339,SMSG_CHARACTER_PROFILE_REALM_CONNECTED
826,0x33A,SMSG_DEFENSE_MESSAGE
827,0x33B,SMSG_INSTANCE_DIFFICULTY
828,0x33C,MSG_GM_RESETINSTANCELIMIT
829,0x33D,SMSG_MOTD
830,0x33E,SMSG_MOVE_SET_CAN_TRANSITION_BETWEEN_SWIM_AND_FLY
831,0x33F,SMSG_MOVE_UNSET_CAN_TRANSITION_BETWEEN_SWIM_AND_FLY
832,0x340,CMSG_MOVE_SET_CAN_TRANSITION_BETWEEN_SWIM_AND_FLY_ACK
833,0x341,MSG_MOVE_START_SWIM_CHEAT
834,0x342,MSG_MOVE_STOP_SWIM_CHEAT
835,0x343,SMSG_MOVE_SET_CAN_FLY
836,0x344,SMSG_MOVE_UNSET_CAN_FLY
837,0x345,CMSG_MOVE_SET_CAN_FLY_ACK
838,0x346,CMSG_MOVE_SET_FLY
839,0x347,CMSG_SOCKET_GEMS
840,0x348,CMSG_ARENA_TEAM_CREATE
841,0x349,SMSG_ARENA_TEAM_COMMAND_RESULT
842,0x34A,MSG_MOVE_UPDATE_CAN_TRANSITION_BETWEEN_SWIM_AND_FLY
843,0x34B,CMSG_ARENA_TEAM_QUERY
844,0x34C,SMSG_ARENA_TEAM_QUERY_RESPONSE
845,0x34D,CMSG_ARENA_TEAM_ROSTER
846,0x34E,SMSG_ARENA_TEAM_ROSTER
847,0x34F,CMSG_ARENA_TEAM_INVITE
848,0x350,SMSG_ARENA_TEAM_INVITE
849,0x351,CMSG_ARENA_TEAM_ACCEPT
850,0x352,CMSG_ARENA_TEAM_DECLINE
851,0x353,CMSG_ARENA_TEAM_LEAVE
852,0x354,CMSG_ARENA_TEAM_REMOVE
853,0x355,CMSG_ARENA_TEAM_DISBAND
854,0x356,CMSG_ARENA_TEAM_LEADER
855,0x357,SMSG_ARENA_TEAM_EVENT
856,0x358,CMSG_BATTLEMASTER_JOIN_ARENA
857,0x359,MSG_MOVE_START_ASCEND
858,0x35A,MSG_MOVE_STOP_ASCEND
859,0x35B,SMSG_ARENA_TEAM_STATS
860,0x35C,CMSG_LFG_JOIN
861,0x35D,CMSG_LFG_LEAVE
862,0x35E,CMSG_SEARCH_LFG_JOIN
863,0x35F,CMSG_SEARCH_LFG_LEAVE
864,0x360,SMSG_UPDATE_LFG_LIST
865,0x361,SMSG_LFG_PROPOSAL_UPDATE
866,0x362,CMSG_LFG_PROPOSAL_RESULT
867,0x363,SMSG_LFG_ROLE_CHECK_UPDATE
868,0x364,SMSG_LFG_JOIN_RESULT
869,0x365,SMSG_LFG_QUEUE_STATUS
870,0x366,CMSG_SET_LFG_COMMENT
871,0x367,SMSG_LFG_UPDATE_PLAYER
872,0x368,SMSG_LFG_UPDATE_PARTY
873,0x369,SMSG_LFG_UPDATE_SEARCH
874,0x36A,CMSG_LFG_SET_ROLES
875,0x36B,CMSG_LFG_SET_NEEDS
876,0x36C,CMSG_LFG_SET_BOOT_VOTE
877,0x36D,SMSG_LFG_BOOT_PROPOSAL_UPDATE
878,0x36E,CMSG_LFD_PLAYER_LOCK_INFO_REQUEST
879,0x36F,SMSG_LFG_PLAYER_INFO
880,0x370,CMSG_LFG_TELEPORT
881,0x371,CMSG_LFD_PARTY_LOCK_INFO_REQUEST
882,0x372,SMSG_LFG_PARTY_INFO
883,0x373,SMSG_TITLE_EARNED
884,0x374,CMSG_SET_TITLE
885,0x375,CMSG_CANCEL_MOUNT_AURA
886,0x376,SMSG_ARENA_ERROR
887,0x377,MSG_INSPECT_ARENA_TEAMS
888,0x378,SMSG_DEATH_RELEASE_LOC
889,0x379,CMSG_CANCEL_TEMP_ENCHANTMENT
890,0x37A,SMSG_FORCED_DEATH_UPDATE
891,0x37B,CMSG_CHEAT_SET_HONOR_CURRENCY
892,0x37C,CMSG_CHEAT_SET_ARENA_CURRENCY
893,0x37D,MSG_MOVE_SET_FLIGHT_SPEED_CHEAT
894,0x37E,MSG_MOVE_SET_FLIGHT_SPEED
895,0x37F,MSG_MOVE_SET_FLIGHT_BACK_SPEED_CHEAT
896,0x380,MSG_MOVE_SET_FLIGHT_BACK_SPEED
897,0x381,SMSG_FORCE_FLIGHT_SPEED_CHANGE
898,0x382,CMSG_FORCE_FLIGHT_SPEED_CHANGE_ACK
899,0x383,SMSG_FORCE_FLIGHT_BACK_SPEED_CHANGE
900,0x384,CMSG_FORCE_FLIGHT_BACK_SPEED_CHANGE_ACK
901,0x385,SMSG_SPLINE_SET_FLIGHT_SPEED
902,0x386,SMSG_SPLINE_SET_FLIGHT_BACK_SPEED
903,0x387,CMSG_MAELSTROM_INVALIDATE_CACHE
904,0x388,SMSG_FLIGHT_SPLINE_SYNC
905,0x389,CMSG_SET_TAXI_BENCHMARK_MODE
906,0x38A,SMSG_JOINED_BATTLEGROUND_QUEUE
907,0x38B,SMSG_REALM_SPLIT
908,0x38C,CMSG_REALM_SPLIT
909,0x38D,CMSG_MOVE_CHNG_TRANSPORT
910,0x38E,MSG_PARTY_ASSIGNMENT
911,0x38F,SMSG_OFFER_PETITION_ERROR
912,0x390,SMSG_TIME_SYNC_REQ
913,0x391,CMSG_TIME_SYNC_RESP
914,0x392,CMSG_SEND_LOCAL_EVENT
915,0x393,CMSG_SEND_GENERAL_TRIGGER
916,0x394,CMSG_SEND_COMBAT_TRIGGER
917,0x395,CMSG_MAELSTROM_GM_SENT_MAIL
918,0x396,SMSG_RESET_FAILED_NOTIFY
919,0x397,SMSG_REAL_GROUP_UPDATE
920,0x398,SMSG_LFG_DISABLED
921,0x399,CMSG_ACTIVE_PVP_CHEAT
922,0x39A,CMSG_CHEAT_DUMP_ITEMS_DEBUG_ONLY
923,0x39B,SMSG_CHEAT_DUMP_ITEMS_DEBUG_ONLY_RESPONSE
924,0x39C,SMSG_CHEAT_DUMP_ITEMS_DEBUG_ONLY_RESPONSE_WRITE_FILE
925,0x39D,SMSG_UPDATE_COMBO_POINTS
926,0x39E,SMSG_VOICE_SESSION_ROSTER_UPDATE
927,0x39F,SMSG_VOICE_SESSION_LEAVE
928,0x3A0,SMSG_VOICE_SESSION_ADJUST_PRIORITY
929,0x3A1,CMSG_VOICE_SET_TALKER_MUTED_REQUEST
930,0x3A2,SMSG_VOICE_SET_TALKER_MUTED
931,0x3A3,SMSG_INIT_EXTRA_AURA_INFO_OBSOLETE
932,0x3A4,SMSG_SET_EXTRA_AURA_INFO_OBSOLETE
933,0x3A5,SMSG_SET_EXTRA_AURA_INFO_NEED_UPDATE_OBSOLETE
934,0x3A6,SMSG_CLEAR_EXTRA_AURA_INFO_OBSOLETE
935,0x3A7,MSG_MOVE_START_DESCEND
936,0x3A8,CMSG_IGNORE_REQUIREMENTS_CHEAT
937,0x3A9,SMSG_IGNORE_REQUIREMENTS_CHEAT
938,0x3AA,SMSG_SPELL_CHANCE_PROC_LOG
939,0x3AB,CMSG_MOVE_SET_RUN_SPEED
940,0x3AC,SMSG_DISMOUNT
941,0x3AD,MSG_MOVE_UPDATE_CAN_FLY
942,0x3AE,MSG_RAID_READY_CHECK_CONFIRM
943,0x3AF,CMSG_VOICE_SESSION_ENABLE
944,0x3B0,SMSG_VOICE_SESSION_ENABLE
945,0x3B1,SMSG_VOICE_PARENTAL_CONTROLS
946,0x3B2,CMSG_GM_WHISPER
947,0x3B3,SMSG_GM_MESSAGECHAT
948,0x3B4,MSG_GM_GEARRATING
949,0x3B5,CMSG_COMMENTATOR_ENABLE
950,0x3B6,SMSG_COMMENTATOR_STATE_CHANGED
951,0x3B7,CMSG_COMMENTATOR_GET_MAP_INFO
952,0x3B8,SMSG_COMMENTATOR_MAP_INFO
953,0x3B9,CMSG_COMMENTATOR_GET_PLAYER_INFO
954,0x3BA,SMSG_COMMENTATOR_GET_PLAYER_INFO
955,0x3BB,SMSG_COMMENTATOR_PLAYER_INFO
956,0x3BC,CMSG_COMMENTATOR_ENTER_INSTANCE
957,0x3BD,CMSG_COMMENTATOR_EXIT_INSTANCE
958,0x3BE,CMSG_COMMENTATOR_INSTANCE_COMMAND
959,0x3BF,SMSG_CLEAR_TARGET
960,0x3C0,CMSG_BOT_DETECTED
961,0x3C1,SMSG_CROSSED_INEBRIATION_THRESHOLD
962,0x3C2,CMSG_CHEAT_PLAYER_LOGIN
963,0x3C3,CMSG_CHEAT_PLAYER_LOOKUP
964,0x3C4,SMSG_CHEAT_PLAYER_LOOKUP
965,0x3C5,SMSG_KICK_REASON
966,0x3C6,MSG_RAID_READY_CHECK_FINISHED
967,0x3C7,CMSG_COMPLAIN
968,0x3C8,SMSG_COMPLAIN_RESULT
969,0x3C9,SMSG_FEATURE_SYSTEM_STATUS
970,0x3CA,CMSG_GM_SHOW_COMPLAINTS
971,0x3CB,CMSG_GM_UNSQUELCH
972,0x3CC,CMSG_CHANNEL_SILENCE_VOICE
973,0x3CD,CMSG_CHANNEL_SILENCE_ALL
974,0x3CE,CMSG_CHANNEL_UNSILENCE_VOICE
975,0x3CF,CMSG_CHANNEL_UNSILENCE_ALL
976,0x3D0,CMSG_TARGET_CAST
977,0x3D1,CMSG_TARGET_SCRIPT_CAST
978,0x3D2,CMSG_CHANNEL_DISPLAY_LIST
979,0x3D3,CMSG_SET_ACTIVE_VOICE_CHANNEL
980,0x3D4,CMSG_GET_CHANNEL_MEMBER_COUNT
981,0x3D5,SMSG_CHANNEL_MEMBER_COUNT
982,0x3D6,CMSG_CHANNEL_VOICE_ON
983,0x3D7,CMSG_CHANNEL_VOICE_OFF
984,0x3D8,CMSG_DEBUG_LIST_TARGETS
985,0x3D9,SMSG_DEBUG_LIST_TARGETS
986,0x3DA,SMSG_AVAILABLE_VOICE_CHANNEL
987,0x3DB,CMSG_ADD_VOICE_IGNORE
988,0x3DC,CMSG_DEL_VOICE_IGNORE
989,0x3DD,CMSG_PARTY_SILENCE
990,0x3DE,CMSG_PARTY_UNSILENCE
991,0x3DF,MSG_NOTIFY_PARTY_SQUELCH
992,0x3E0,SMSG_COMSAT_RECONNECT_TRY
993,0x3E1,SMSG_COMSAT_DISCONNECT
994,0x3E2,SMSG_COMSAT_CONNECT_FAIL
995,0x3E3,SMSG_VOICE_CHAT_STATUS
996,0x3E4,CMSG_REPORT_PVP_AFK
997,0x3E5,SMSG_REPORT_PVP_AFK_RESULT
998,0x3E6,CMSG_GUILD_BANKER_ACTIVATE
999,0x3E7,CMSG_GUILD_BANK_QUERY_TAB
1000,0x3E8,SMSG_GUILD_BANK_LIST
1001,0x3E9,CMSG_GUILD_BANK_SWAP_ITEMS
1002,0x3EA,CMSG_GUILD_BANK_BUY_TAB
1003,0x3EB,CMSG_GUILD_BANK_UPDATE_TAB
1004,0x3EC,CMSG_GUILD_BANK_DEPOSIT_MONEY
1005,0x3ED,CMSG_GUILD_BANK_WITHDRAW_MONEY
1006,0x3EE,MSG_GUILD_BANK_LOG_QUERY
1007,0x3EF,CMSG_SET_CHANNEL_WATCH
1008,0x3F0,SMSG_USERLIST_ADD
1009,0x3F1,SMSG_USERLIST_REMOVE
1010,0x3F2,SMSG_USERLIST_UPDATE
1011,0x3F3,CMSG_CLEAR_CHANNEL_WATCH
1012,0x3F4,SMSG_INSPECT_TALENT
1013,0x3F5,SMSG_GOGOGO_OBSOLETE
1014,0x3F6,SMSG_ECHO_PARTY_SQUELCH
1015,0x3F7,CMSG_SET_TITLE_SUFFIX
1016,0x3F8,CMSG_SPELLCLICK
1017,0x3F9,SMSG_LOOT_LIST
1018,0x3FA,CMSG_GM_CHARACTER_RESTORE
1019,0x3FB,CMSG_GM_CHARACTER_SAVE
1020,0x3FC,SMSG_VOICESESSION_FULL
1021,0x3FD,MSG_GUILD_PERMISSIONS
1022,0x3FE,MSG_GUILD_BANK_MONEY_WITHDRAWN
1023,0x3FF,MSG_GUILD_EVENT_LOG_QUERY
1024,0x400,CMSG_MAELSTROM_RENAME_GUILD
1025,0x401,CMSG_GET_MIRRORIMAGE_DATA
1026,0x402,SMSG_MIRRORIMAGE_DATA
1027,0x403,SMSG_FORCE_DISPLAY_UPDATE
1028,0x404,SMSG_SPELL_CHANCE_RESIST_PUSHBACK
1029,0x405,CMSG_IGNORE_DIMINISHING_RETURNS_CHEAT
1030,0x406,SMSG_IGNORE_DIMINISHING_RETURNS_CHEAT
1031,0x407,CMSG_KEEP_ALIVE
1032,0x408,SMSG_RAID_READY_CHECK_ERROR
1033,0x409,CMSG_OPT_OUT_OF_LOOT
1034,0x40A,MSG_QUERY_GUILD_BANK_TEXT
1035,0x40B,CMSG_SET_GUILD_BANK_TEXT
1036,0x40C,CMSG_SET_GRANTABLE_LEVELS
1037,0x40D,CMSG_GRANT_LEVEL
1038,0x40E,CMSG_REFER_A_FRIEND
1039,0x40F,MSG_GM_CHANGE_ARENA_RATING
1040,0x410,CMSG_DECLINE_CHANNEL_INVITE
1041,0x411,SMSG_GROUPACTION_THROTTLED
1042,0x412,SMSG_OVERRIDE_LIGHT
1043,0x413,SMSG_TOTEM_CREATED
1044,0x414,CMSG_TOTEM_DESTROYED
1045,0x415,CMSG_EXPIRE_RAID_INSTANCE
1046,0x416,CMSG_NO_SPELL_VARIANCE
1047,0x417,CMSG_QUESTGIVER_STATUS_MULTIPLE_QUERY
1048,0x418,SMSG_QUESTGIVER_STATUS_MULTIPLE
1049,0x419,CMSG_SET_PLAYER_DECLINED_NAMES
1050,0x41A,SMSG_SET_PLAYER_DECLINED_NAMES_RESULT
1051,0x41B,CMSG_QUERY_SERVER_BUCK_DATA
1052,0x41C,CMSG_CLEAR_SERVER_BUCK_DATA
1053,0x41D,SMSG_SERVER_BUCK_DATA
1054,0x41E,SMSG_SEND_UNLEARN_SPELLS
1055,0x41F,SMSG_PROPOSE_LEVEL_GRANT
1056,0x420,CMSG_ACCEPT_LEVEL_GRANT
1057,0x421,SMSG_REFER_A_FRIEND_FAILURE
1058,0x422,SMSG_SPLINE_MOVE_SET_FLYING
1059,0x423,SMSG_SPLINE_MOVE_UNSET_FLYING
1060,0x424,SMSG_SUMMON_CANCEL
1061,0x425,CMSG_CHANGE_PERSONAL_ARENA_RATING
1062,0x426,CMSG_ALTER_APPEARANCE
1063,0x427,SMSG_ENABLE_BARBER_SHOP
1064,0x428,SMSG_BARBER_SHOP_RESULT
1065,0x429,CMSG_CALENDAR_GET_CALENDAR
1066,0x42A,CMSG_CALENDAR_GET_EVENT
1067,0x42B,CMSG_CALENDAR_GUILD_FILTER
1068,0x42C,CMSG_CALENDAR_ARENA_TEAM
1069,0x42D,CMSG_CALENDAR_ADD_EVENT
1070,0x42E,CMSG_CALENDAR_UPDATE_EVENT
1071,0x42F,CMSG_CALENDAR_REMOVE_EVENT
1072,0x430,CMSG_CALENDAR_COPY_EVENT
1073,0x431,CMSG_CALENDAR_EVENT_INVITE
1074,0x432,CMSG_CALENDAR_EVENT_RSVP
1075,0x433,CMSG_CALENDAR_EVENT_REMOVE_INVITE
1076,0x434,CMSG_CALENDAR_EVENT_STATUS
1077,0x435,CMSG_CALENDAR_EVENT_MODERATOR_STATUS
1078,0x436,SMSG_CALENDAR_SEND_CALENDAR
1079,0x437,SMSG_CALENDAR_SEND_EVENT
1080,0x438,SMSG_CALENDAR_FILTER_GUILD
1081,0x439,SMSG_CALENDAR_ARENA_TEAM
1082,0x43A,SMSG_CALENDAR_EVENT_INVITE
1083,0x43B,SMSG_CALENDAR_EVENT_INVITE_REMOVED
1084,0x43C,SMSG_CALENDAR_EVENT_STATUS
1085,0x43D,SMSG_CALENDAR_COMMAND_RESULT
1086,0x43E,SMSG_CALENDAR_RAID_LOCKOUT_ADDED
1087,0x43F,SMSG_CALENDAR_RAID_LOCKOUT_REMOVED
1088,0x440,SMSG_CALENDAR_EVENT_INVITE_ALERT
1089,0x441,SMSG_CALENDAR_EVENT_INVITE_REMOVED_ALERT
1090,0x442,SMSG_CALENDAR_EVENT_INVITE_STATUS_ALERT
1091,0x443,SMSG_CALENDAR_EVENT_REMOVED_ALERT
1092,0x444,SMSG_CALENDAR_EVENT_UPDATED_ALERT
1093,0x445,SMSG_CALENDAR_EVENT_MODERATOR_STATUS_ALERT
1094,0x446,CMSG_CALENDAR_COMPLAIN
1095,0x447,CMSG_CALENDAR_GET_NUM_PENDING
1096,0x448,SMSG_CALENDAR_SEND_NUM_PENDING
1097,0x449,CMSG_SAVE_DANCE
1098,0x44A,SMSG_NOTIFY_DANCE
1099,0x44B,CMSG_PLAY_DANCE
1100,0x44C,SMSG_PLAY_DANCE
1101,0x44D,CMSG_LOAD_DANCES
1102,0x44E,CMSG_STOP_DANCE
1103,0x44F,SMSG_STOP_DANCE
1104,0x450,CMSG_SYNC_DANCE
1105,0x451,CMSG_DANCE_QUERY
1106,0x452,SMSG_DANCE_QUERY_RESPONSE
1107,0x453,SMSG_INVALIDATE_DANCE
1108,0x454,CMSG_DELETE_DANCE
1109,0x455,SMSG_LEARNED_DANCE_MOVES
1110,0x456,CMSG_LEARN_DANCE_MOVE
1111,0x457,CMSG_UNLEARN_DANCE_MOVE
1112,0x458,CMSG_SET_RUNE_COUNT
1113,0x459,CMSG_SET_RUNE_COOLDOWN
1114,0x45A,MSG_MOVE_SET_PITCH_RATE_CHEAT
1115,0x45B,MSG_MOVE_SET_PITCH_RATE
1116,0x45C,SMSG_FORCE_PITCH_RATE_CHANGE
1117,0x45D,CMSG_FORCE_PITCH_RATE_CHANGE_ACK
1118,0x45E,SMSG_SPLINE_SET_PITCH_RATE
1119,0x45F,CMSG_CALENDAR_EVENT_INVITE_NOTES
1120,0x460,SMSG_CALENDAR_EVENT_INVITE_NOTES
1121,0x461,SMSG_CALENDAR_EVENT_INVITE_NOTES_ALERT
1122,0x462,CMSG_UPDATE_MISSILE_TRAJECTORY
1123,0x463,SMSG_UPDATE_ACCOUNT_DATA_COMPLETE
1124,0x464,SMSG_TRIGGER_MOVIE
1125,0x465,CMSG_COMPLETE_MOVIE
1126,0x466,CMSG_SET_GLYPH_SLOT
1127,0x467,CMSG_SET_GLYPH
1128,0x468,SMSG_ACHIEVEMENT_EARNED
1129,0x469,SMSG_DYNAMIC_DROP_ROLL_RESULT
1130,0x46A,SMSG_CRITERIA_UPDATE
1131,0x46B,CMSG_QUERY_INSPECT_ACHIEVEMENTS
1132,0x46C,SMSG_RESPOND_INSPECT_ACHIEVEMENTS
1133,0x46D,CMSG_DISMISS_CONTROLLED_VEHICLE
1134,0x46E,CMSG_COMPLETE_ACHIEVEMENT_CHEAT
1135,0x46F,SMSG_QUESTUPDATE_ADD_PVP_KILL
1136,0x470,CMSG_SET_CRITERIA_CHEAT
1137,0x471,SMSG_CALENDAR_RAID_LOCKOUT_UPDATED
1138,0x472,CMSG_UNITANIMTIER_CHEAT
1139,0x473,CMSG_CHAR_CUSTOMIZE
1140,0x474,SMSG_CHAR_CUSTOMIZE
1141,0x475,SMSG_PET_RENAMEABLE
1142,0x476,CMSG_REQUEST_VEHICLE_EXIT
1143,0x477,CMSG_REQUEST_VEHICLE_PREV_SEAT
1144,0x478,CMSG_REQUEST_VEHICLE_NEXT_SEAT
1145,0x479,CMSG_REQUEST_VEHICLE_SWITCH_SEAT
1146,0x47A,CMSG_PET_LEARN_TALENT
1147,0x47B,CMSG_PET_UNLEARN_TALENTS
1148,0x47C,SMSG_SET_PHASE_SHIFT
1149,0x47D,SMSG_ALL_ACHIEVEMENT_DATA
1150,0x47E,CMSG_FORCE_SAY_CHEAT
1151,0x47F,SMSG_HEALTH_UPDATE
1152,0x480,SMSG_POWER_UPDATE
1153,0x481,CMSG_GAMEOBJ_REPORT_USE
1154,0x482,SMSG_HIGHEST_THREAT_UPDATE
1155,0x483,SMSG_THREAT_UPDATE
1156,0x484,SMSG_THREAT_REMOVE
1157,0x485,SMSG_THREAT_CLEAR
1158,0x486,SMSG_CONVERT_RUNE
1159,0x487,SMSG_RESYNC_RUNES
1160,0x488,SMSG_ADD_RUNE_POWER
1161,0x489,CMSG_START_QUEST
1162,0x48A,CMSG_REMOVE_GLYPH
1163,0x48B,CMSG_DUMP_OBJECTS
1164,0x48C,SMSG_DUMP_OBJECTS_DATA
1165,0x48D,CMSG_DISMISS_CRITTER
1166,0x48E,SMSG_NOTIFY_DEST_LOC_SPELL_CAST
1167,0x48F,CMSG_AUCTION_LIST_PENDING_SALES
1168,0x490,SMSG_AUCTION_LIST_PENDING_SALES
1169,0x491,SMSG_MODIFY_COOLDOWN
1170,0x492,SMSG_PET_UPDATE_COMBO_POINTS
1171,0x493,CMSG_ENABLETAXI
1172,0x494,SMSG_PRE_RESURRECT
1173,0x495,SMSG_AURA_UPDATE_ALL
1174,0x496,SMSG_AURA_UPDATE
1175,0x497,CMSG_FLOOD_GRACE_CHEAT
1176,0x498,SMSG_SERVER_FIRST_ACHIEVEMENT
1177,0x499,SMSG_PET_LEARNED_SPELL
1178,0x49A,SMSG_PET_REMOVED_SPELL
1179,0x49B,CMSG_CHANGE_SEATS_ON_CONTROLLED_VEHICLE
1180,0x49C,CMSG_HEARTH_AND_RESURRECT
1181,0x49D,SMSG_ON_CANCEL_EXPECTED_RIDE_VEHICLE_AURA
1182,0x49E,SMSG_CRITERIA_DELETED
1183,0x49F,SMSG_ACHIEVEMENT_DELETED
1184,0x4A0,CMSG_SERVER_INFO_QUERY
1185,0x4A1,SMSG_SERVER_INFO_RESPONSE
1186,0x4A2,CMSG_CHECK_LOGIN_CRITERIA
1187,0x4A3,SMSG_SERVER_BUCK_DATA_START
1188,0x4A4,CMSG_SET_BREATH
1189,0x4A5,CMSG_QUERY_VEHICLE_STATUS
1190,0x4A6,SMSG_BATTLEGROUND_INFO_THROTTLED
1191,0x4A7,SMSG_PLAYER_VEHICLE_DATA
1192,0x4A8,CMSG_PLAYER_VEHICLE_ENTER
1193,0x4A9,CMSG_CONTROLLER_EJECT_PASSENGER
1194,0x4AA,SMSG_PET_GUIDS
1195,0x4AB,SMSG_CLIENTCACHE_VERSION
1196,0x4AC,CMSG_CHANGE_GDF_ARENA_RATING
1197,0x4AD,CMSG_SET_ARENA_TEAM_RATING_BY_INDEX
1198,0x4AE,CMSG_SET_ARENA_TEAM_WEEKLY_GAMES
1199,0x4AF,CMSG_SET_ARENA_TEAM_SEASON_GAMES
1200,0x4B0,CMSG_SET_ARENA_MEMBER_WEEKLY_GAMES
1201,0x4B1,CMSG_SET_ARENA_MEMBER_SEASON_GAMES
1202,0x4B2,SMSG_ITEM_REFUND_INFO_RESPONSE
1203,0x4B3,CMSG_ITEM_REFUND_INFO
1204,0x4B4,CMSG_ITEM_REFUND
1205,0x4B5,SMSG_ITEM_REFUND_RESULT
1206,0x4B6,CMSG_CORPSE_MAP_POSITION_QUERY
1207,0x4B7,SMSG_CORPSE_MAP_POSITION_QUERY_RESPONSE
1208,0x4B8,CMSG_UNUSED5
1209,0x4B9,CMSG_UNUSED6
1210,0x4BA,CMSG_CALENDAR_EVENT_SIGNUP
1211,0x4BB,SMSG_CALENDAR_CLEAR_PENDING_ACTION
1212,0x4BC,SMSG_EQUIPMENT_SET_LIST
1213,0x4BD,CMSG_EQUIPMENT_SET_SAVE
1214,0x4BE,CMSG_UPDATE_PROJECTILE_POSITION
1215,0x4BF,SMSG_SET_PROJECTILE_POSITION
1216,0x4C0,SMSG_TALENTS_INFO
1217,0x4C1,CMSG_LEARN_PREVIEW_TALENTS
1218,0x4C2,CMSG_LEARN_PREVIEW_TALENTS_PET
1219,0x4C3,CMSG_SET_ACTIVE_TALENT_GROUP_OBSOLETE
1220,0x4C4,CMSG_GM_GRANT_ACHIEVEMENT
1221,0x4C5,CMSG_GM_REMOVE_ACHIEVEMENT
1222,0x4C6,CMSG_GM_SET_CRITERIA_FOR_PLAYER
1223,0x4C7,SMSG_ARENA_UNIT_DESTROYED
1224,0x4C8,SMSG_ARENA_TEAM_CHANGE_FAILED_QUEUED
1225,0x4C9,CMSG_PROFILEDATA_REQUEST
1226,0x4CA,SMSG_PROFILEDATA_RESPONSE
1227,0x4CB,CMSG_START_BATTLEFIELD_CHEAT
1228,0x4CC,CMSG_END_BATTLEFIELD_CHEAT
1229,0x4CD,SMSG_MULTIPLE_PACKETS
1230,0x4CE,SMSG_MOVE_GRAVITY_DISABLE
1231,0x4CF,CMSG_MOVE_GRAVITY_DISABLE_ACK
1232,0x4D0,SMSG_MOVE_GRAVITY_ENABLE
1233,0x4D1,CMSG_MOVE_GRAVITY_ENABLE_ACK
1234,0x4D2,MSG_MOVE_GRAVITY_CHNG
1235,0x4D3,SMSG_SPLINE_MOVE_GRAVITY_DISABLE
1236,0x4D4,SMSG_SPLINE_MOVE_GRAVITY_ENABLE
1237,0x4D5,CMSG_EQUIPMENT_SET_USE
1238,0x4D6,SMSG_EQUIPMENT_SET_USE_RESULT
1239,0x4D7,CMSG_FORCE_ANIM
1240,0x4D8,SMSG_FORCE_ANIM
1241,0x4D9,CMSG_CHAR_FACTION_CHANGE
1242,0x4DA,SMSG_CHAR_FACTION_CHANGE
1243,0x4DB,CMSG_PVP_QUEUE_STATS_REQUEST
1244,0x4DC,SMSG_PVP_QUEUE_STATS
1245,0x4DD,CMSG_SET_PAID_SERVICE_CHEAT
1246,0x4DE,SMSG_BATTLEFIELD_MGR_ENTRY_INVITE
1247,0x4DF,CMSG_BATTLEFIELD_MGR_ENTRY_INVITE_RESPONSE
1248,0x4E0,SMSG_BATTLEFIELD_MGR_ENTERED
1249,0x4E1,SMSG_BATTLEFIELD_MGR_QUEUE_INVITE
1250,0x4E2,CMSG_BATTLEFIELD_MGR_QUEUE_INVITE_RESPONSE
1251,0x4E3,CMSG_BATTLEFIELD_MGR_QUEUE_REQUEST
1252,0x4E4,SMSG_BATTLEFIELD_MGR_QUEUE_REQUEST_RESPONSE
1253,0x4E5,SMSG_BATTLEFIELD_MGR_EJECT_PENDING
1254,0x4E6,SMSG_BATTLEFIELD_MGR_EJECTED
1255,0x4E7,CMSG_BATTLEFIELD_MGR_EXIT_REQUEST
1256,0x4E8,SMSG_BATTLEFIELD_MGR_STATE_CHANGE
1257,0x4E9,CMSG_BATTLEFIELD_MANAGER_ADVANCE_STATE
1258,0x4EA,CMSG_BATTLEFIELD_MANAGER_SET_NEXT_TRANSITION_TIME
1259,0x4EB,MSG_SET_RAID_DIFFICULTY
1260,0x4EC,CMSG_TOGGLE_XP_GAIN
1261,0x4ED,SMSG_TOGGLE_XP_GAIN
1262,0x4EE,SMSG_GMRESPONSE_DB_ERROR
1263,0x4EF,SMSG_GMRESPONSE_RECEIVED
1264,0x4F0,CMSG_GMRESPONSE_RESOLVE
1265,0x4F1,SMSG_GMRESPONSE_STATUS_UPDATE
1266,0x4F2,SMSG_GMRESPONSE_CREATE_TICKET
1267,0x4F3,CMSG_GMRESPONSE_CREATE_TICKET
1268,0x4F4,CMSG_SERVERINFO
1269,0x4F5,SMSG_SERVERINFO
1270,0x4F6,CMSG_WORLD_STATE_UI_TIMER_UPDATE
1271,0x4F7,SMSG_WORLD_STATE_UI_TIMER_UPDATE
1272,0x4F8,CMSG_CHAR_RACE_CHANGE
1273,0x4F9,MSG_VIEW_PHASE_SHIFT
1274,0x4FA,SMSG_TALENTS_INVOLUNTARILY_RESET
1275,0x4FB,CMSG_DEBUG_SERVER_GEO
1276,0x4FC,SMSG_DEBUG_SERVER_GEO
1277,0x4FD,SMSG_LOOT_SLOT_CHANGED
1278,0x4FE,
1279,0x4FF,CMSG_READY_FOR_ACCOUNT_DATA_TIMES
1280,0x500,CMSG_QUERY_QUESTS_COMPLETED
1281,0x501,SMSG_QUERY_QUESTS_COMPLETED_RESPONSE
1282,0x502,CMSG_GM_REPORT_LAG
1283,0x503,CMSG_AFK_MONITOR_INFO_REQUEST
1284,0x504,SMSG_AFK_MONITOR_INFO_RESPONSE
1285,0x505,CMSG_AFK_MONITOR_INFO_CLEAR
1286,0x506,SMSG_CORPSE_NOT_IN_INSTANCE
1287,0x507,CMSG_GM_NUKE_CHARACTER
1288,0x508,CMSG_SET_ALLOW_LOW_LEVEL_RAID1
1289,0x509,CMSG_SET_ALLOW_LOW_LEVEL_RAID2
1290,0x50A,SMSG_CAMERA_SHAKE
1291,0x50B,SMSG_SOCKET_GEMS_RESULT
1292,0x50C,CMSG_SET_CHARACTER_MODEL
1293,0x50D,SMSG_REDIRECT_CLIENT
1294,0x50E,CMSG_REDIRECTION_FAILED
1295,0x50F,SMSG_SUSPEND_COMMS
1296,0x510,CMSG_SUSPEND_COMMS_ACK
1297,0x511,SMSG_FORCE_SEND_QUEUED_PACKETS
1298,0x512,CMSG_REDIRECTION_AUTH_PROOF
1299,0x513,CMSG_DROP_NEW_CONNECTION
1300,0x514,SMSG_SEND_ALL_COMBAT_LOG
1301,0x515,SMSG_OPEN_LFG_DUNGEON_FINDER
1302,0x516,SMSG_MOVE_SET_COLLISION_HGT
1303,0x517,CMSG_MOVE_SET_COLLISION_HGT_ACK
1304,0x518,MSG_MOVE_SET_COLLISION_HGT
1305,0x519,CMSG_CLEAR_RANDOM_BG_WIN_TIME
1306,0x51A,CMSG_CLEAR_HOLIDAY_BG_WIN_TIME
1307,0x51B,CMSG_COMMENTATOR_SKIRMISH_QUEUE_COMMAND
1308,0x51C,SMSG_COMMENTATOR_SKIRMISH_QUEUE_RESULT1
1309,0x51D,SMSG_COMMENTATOR_SKIRMISH_QUEUE_RESULT2
1310,0x51E,SMSG_MULTIPLE_MOVES
1311,0x51F,CMSG_ANTICHEAT_ALERT
1312,0x520,CMSG_ANTICHEAT_VERSION
1313,0x521,
1314,0x522,
1315,0x523,CMSG_CUSTOM_ASCENSION_POINT_SPEND_REQUEST
1316,0x524,CMSG_CUSTOM_ASCENSION_RESURRECT_REQUEST
1317,0x525,CMSG_GROUP_RAID_CONVERT_BACK
1318,0x526,CMSG_FEL_COMMUTATION_CHANGE_SLOT
1319,0x527,CMSG_CUSTOM_MYTHIC_PLUS_ACTIVATE
1320,0x528,CMSG_CA_UNLEARN_SPELL_ALL
1321,0x529,CMSG_DISCORD_ACTIVITY_JOIN_REQUEST
1322,0x52A,CMSG_DISCORD_USER_ID_UPDATE
1323,0x52B,CMSG_DISCORD_ACTIVITY_JOIN
1324,0x52C,
1325,0x52D,
1326,0x52E,CMSG_DISCORD_INITIALIZE_RESULT
1327,0x52F,
1328,0x530,
1329,0x531,
1330,0x532,CMSG_ECHO
1331,0x533,CMSG_PGF_ENLIST_GROUP
1332,0x534,CMSG_PGF_DELIST_GROUP
1333,0x535,CMSG_PGF_INVITE_GROUP_APPLICANT
1334,0x536,CMSG_PGF_DECLINE_GROUP_APPLICANT
1335,0x537,CMSG_PGF_APPLY_TO_GROUP
1336,0x538,CMSG_PGF_UNAPPLY_TO_GROUP
1337,0x539,CMSG_PGF_GROUP_LIST_REQUEST
1338,0x53A,CMSG_PGF_GROUP_APPLICANT_REQUEST
1339,0x53B,CMSG_ASCENSIONGM_TICKET_LIST_REQUEST
1340,0x53C,CMSG_ASCENSIONGM_TICKET_CHAT_REQUEST
1341,0x53D,CMSG_ASCENSIONGM_TICKET_COMPLETE_REQUEST
1342,0x53E,CMSG_ASCENSION_PVP_REWARD_INFO_QUERY
1343,0x53F,CMSG_ASCENSION_CHANGE_RULESET
1344,0x540,CMSG_TRANSMOG_APPLY
1345,0x541,
1346,0x542,CMSG_AUTO_QUEST_SHOW_COMPLETE
1347,0x543,CMSG_CLIENT_TIME_RESYNC
1348,0x544,CMSG_PORT_GRAVEYARD
1349,0x545,CMSG_GET_MAIL_LIST_FORCE
1350,0x546,
1351,0x547,
1352,0x548,
1353,0x549,
1354,0x54A,CMSG_ILLUSION_APPLY
1355,0x54B,CMSG_REQ_RELOAD_MAP
1356,0x54C,CMSG_ASCENSIONGM_TRANSACTION_LIST_REQUEST
1357,0x54D,CMSG_TRANSMOG_OUTFIT_MOD_APPEARANCES
1358,0x54E,CMSG_TRANSMOG_OUTFIT_MOD_NAME
1359,0x54F,CMSG_TRANSMOG_OUTFIT_APPLY_ID
1360,0x550,CMSG_TRANSMOG_OUTFIT_REMOVE_ID
1361,0x551,CMSG_TRANSMOG_OUTFIT_CREATE_ID
1362,0x552,CMSG_INCARNATION_APPLY
1363,0x553,CMSG_SPELL_VISUAL_APPLY
1364,0x554,CMSG_COSMETIC_PET_APPLY
1365,0x555,CMSG_COSMETIC_APPLY
1366,0x556,CMSG_FRIEND_UPDATE_METADATA
1367,0x557,CMSG_TRANSMOG_SET_SHOW_TRANSMOGRIFICATIONS
1368,0x558,CMSG_TRANSMOG_SET_SHOW_SPELL_TRANSMOGRIFICATIONS
1369,0x559,CMSG_TRANSMOG_SPEC_SET_UPDATE
1370,0x55A,CMSG_ASCENSION_LOG_REQUEST
1371,0x55B,CMSG_ACTIVATE_TEMPORAL_CONTRACT
1372,0x55C,
1373,0x55D,CMSG_EQUIPMENTSET_SET_DST_BANK
1374,0x55E,CMSG_EQUIPMENTSET_ITEM_PLACE_IN_BANK
1375,0x55F,CMSG_CALLBOARD_VIEW_REQUEST
1376,0x560,
1377,0x561,CMSG_EXTENSION_INITIALIZED
1378,0x562,CMSG_CREATE_BUG_REPORT
1379,0x563,SMSG_LOYALTY_PASS_UPDATE
1380,0x564,CMSG_LOYALTY_PASS_REDEEM
1381,0x565,SMSG_CREATE_BUG_REPORT_ERROR
1382,0x566,SMSG_CREATE_BUG_REPORT_SUCCESS
1383,0x567,SMSG_PATCH_CREATURE
1384,0x568,SMSG_PATCH_DUNGEON_ENCOUNTER_EXTRA
1385,0x569,SMSG_PATCH_ITEM_ADDON
1386,0x56A,SMSG_PATCH_ITEM_DISPLAY_INFO_COLLECTIONS
1387,0x56B,SMSG_PATCH_MYSTIC_ENCHANT
1388,0x56C,SMSG_PATCH_MYTHIC_AFFIXES
1389,0x56D,SMSG_PATCH_MYTHIC_KEYSTONE
1390,0x56E,SMSG_PATCH_MYTHIC_PLUS_SCALING
1391,0x56F,SMSG_PATCH_QUEST
1392,0x570,SMSG_PATCH_SPELL_CHARGES
1393,0x571,SMSG_PATCH_SPELL_CHARGES_CATEGORY
1394,0x572,SMSG_PATCH_TIMED_DUNGEON
1395,0x573,SMSG_PATCH_VANITY_COLLECTION
1396,0x574,SMSG_PATCH_SPELL_AFFECT
1397,0x575,
1398,0x576,
1399,0x577,
1400,0x578,SMSG_UPDATE_OBJECT_ADDON
1401,0x579,SMSG_PATCH_LFG_ACTIVITIES
1402,0x57A,SMSG_PATCH_LFG_ACTIVITY_CATEGORIES
1403,0x57B,SMSG_PATCH_LFG_ACTIVITY_GROUP_TYPE
1404,0x57C,CMSG_GROUP_FINDER_CREATE_LISTING
1405,0x57D,CMSG_GROUP_FINDER_UPDATE_LISTING
1406,0x57E,CMSG_GROUP_FINDER_REMOVE_LISTING
1407,0x57F,CMSG_GROUP_FINDER_QUERY_LISTINGS
1408,0x580,SMSG_GROUP_FINDER_CREATE_LISTING_RESPONSE
1409,0x581,SMSG_GROUP_FINDER_UPDATE_LISTING_RESPONSE
1410,0x582,SMSG_GROUP_FINDER_REMOVE_LISTING_RESPONSE
1411,0x583,SMSG_GROUP_FINDER_QUERY_LISTINGS_RESPONSE
1412,0x584,CMSG_SUGGESTED_GROUP_INVITE
1413,0x585,SMSG_SUGGESTED_GROUP_INVITE
1414,0x586,CMSG_REQUEST_GROUP_INVITE
1415,0x587,SMSG_REQUEST_GROUP_INVITE
1416,0x588,SMSG_BATTLEGROUND_COUNTDOWN_UPDATE
1417,0x589,SMSG_CALLBOARD_VIEW
1418,0x58A,SMSG_CALLBOARD_VIEW_RESULT
1419,0x58B,
1420,0x58C,CMSG_RESET_INSTANCE
1421,0x58D,SMSG_UPDATE_CONFIGS
1422,0x58E,SMSG_CREATURE_QUERY_RESPONSE_BULK
1423,0x58F,SMSG_ITEM_QUERY_RESPONSE_BULK
1424,0x590,SMSG_QUEST_QUERY_RESPONSE_BULK
1425,0x591,SMSG_PATCH_CHALLENGE
1426,0x592,CMSG_REQUEST_START_CHALLENGE
1427,0x593,SMSG_REQUEST_START_CHALLENGE_RESPONSE
1428,0x594,CMSG_REQUEST_STOP_CHALLENGE
1429,0x595,SMSG_REQUEST_STOP_CHALLENGE_RESPONSE
1430,0x596,SMSG_LIST_ACTIVE_CHALLENGES
1431,0x597,SMSG_LIST_COMPLETED_CHALLENGES
1432,0x598,SMSG_COMPLETED_CHALLENGE
1433,0x599,SMSG_LIST_CHALLENGE_CRITERIA
1434,0x59A,SMSG_UPDATE_CHALLENGE_CRITERIA
1435,0x59B,SMSG_CHALLENGE_SYNC_REQUEST
1436,0x59C,CMSG_CHALLENGE_SYNC_RESPONSE
1437,0x59D,SMSG_GROUP_FINDER_REQUEST_GROUP_INVITE
1438,0x59E,CMSG_GROUP_FINDER_REQUEST_GROUP_INVITE
1439,0x59F,SMSG_PATCH_ITEM_STAT
1440,0x5A0,
1441,0x5A1,CMSG_CHALLENGE_QUERY_FAILURE
1442,0x5A2,SMSG_CHALLENGE_QUERY_FAILURE_RESPONSE
1443,0x5A3,SMSG_CHALLENGE_FAILURE
1444,0x5A4,CMSG_TOGGLE_GAME_MODE
1445,0x5A5,SMSG_TOGGLE_GAME_MODE_RESULT
1446,0x5A6,SMSG_CHALLENGE_ACTIVE_UPDATE
1447,0x5A7,CMSG_CHALLENGE_CREATOR_SAVE_CHALLENGE
1448,0x5A8,SMSG_CHALLENGE_CREATOR_SAVE_CHALLENGE_RESULT
1449,0x5A9,CMSG_CHALLENGE_CREATOR_DELETE_CHALLENGE
1450,0x5AA,SMSG_CHALLENGE_CREATOR_DELETE_CHALLENGE_RESULT
1451,0x5AB,CMSG_CHALLENGE_CREATOR_QUERY_CHALLENGES
1452,0x5AC,SMSG_CHALLENGE_CREATOR_QUERY_CHALLENGES_RESULT
1453,0x5AD,CMSG_CHALLENGE_CREATOR_ACTIVATE_CHALLENGE
1454,0x5AE,SMSG_CHALLENGE_CREATOR_ACTIVATE_CHALLENGE_RESULT
1455,0x5AF,CMSG_CHALLENGE_CREATOR_DEACTIVATE_CHALLENGE
1456,0x5B0,SMSG_CHALLENGE_CREATOR_DEACTIVATE_CHALLENGE_RESULT
1457,0x5B1,SMSG_CHALLENGE_CREATOR_ACTIVE_CHALLENGE_UPDATE
1458,0x5B2,SMSG_PATCH_CHALLENGE_CONDITION
1459,0x5B3,SMSG_PATCH_CHALLENGE_FEATURED
1460,0x5B4,SMSG_PATCH_CHALLENGE_GROUP_REWARD
1461,0x5B5,SMSG_PATCH_CHALLENGE_GROUP
1462,0x5B6,SMSG_PATCH_CHALLENGE_REQUIREMENT
1463,0x5B7,SMSG_PATCH_CHALLENGE_REWARD
1464,0x5B8,SMSG_PATCH_CHALLENGE_RULE
1465,0x5B9,SMSG_PATCH_CHALLENGE_SPELL
1466,0x5BA,SMSG_LIST_BROKEN_CHALLENGE_RULES
1467,0x5BB,SMSG_UPDATE_BROKEN_CHALLENGE_RULE
1468,0x5BC,SMSG_PATCH_CHALLENGE_REQUIREMENT_TYPE
1469,0x5BD,SMSG_PATCH_CHALLENGE_RULE_TYPE
1470,0x5BE,SMSG_PATCH_CHALLENGE_CONDITION_TYPE
1471,0x5BF,CMSG_CHALLENGE_CREATOR_RATE_CHALLENGE
1472,0x5C0,SMSG_UPDATE_GM_STATUS
1473,0x5C1,CMSG_BATTLEMASTER_JOIN_ARENA_WITH_ROLE
1474,0x5C2,CMSG_BUILD_CREATOR_ACTIVATE_BUILD
1475,0x5C3,SMSG_BUILD_CREATOR_ACTIVATE_BUILD_RESULT
1476,0x5C4,CMSG_BUILD_CREATOR_DEACTIVATE_BUILD
1477,0x5C5,SMSG_BUILD_CREATOR_DEACTIVATE_BUILD_RESULT
1478,0x5C6,CMSG_CHALLENGE_QUERY_COMPLETION
1479,0x5C7,SMSG_CHALLENGE_QUERY_COMPLETION_RESPONSE
1480,0x5C8,SMSG_CHALLENGE_COMPLETION
1481,0x5C9,CMSG_CHALLENGE_CREATOR_QUERY_COMPLETION
1482,0x5CA,SMSG_CHALLENGE_CREATOR_QUERY_COMPLETION_RESPONSE
1483,0x5CB,SMSG_CHALLENGE_CREATOR_COMPLETION
1484,0x5CC,SMSG_UPDATE_SPECIALIZATION_FLAGS
1485,0x5CD,CMSG_TRANSMOG_COMPONENT_APPLY
1486,0x5CE,SMSG_TRANSMOG_COMPONENT_UPDATE
1487,0x5CF,
1488,0x5D0,
1489,0x5D1,SMSG_TRANSMOG_COMPONENT_SUCCESS
1490,0x5D2,CMSG_RECOVERY_QUERY_DISENCHANTED_ITEM
1491,0x5D3,SMSG_RECOVERY_QUERY_DISENCHANTED_ITEM_RESPONSE
1492,0x5D4,CMSG_RECOVER_DISENCHANTED_ITEM
1493,0x5D5,SMSG_RECOVER_DISENCHANTED_ITEM_RESULT
1494,0x5D6,
1495,0x5D7,
1496,0x5D8,
1497,0x5D9,
1498,0x5DA,CMSG_RECOVERY_QUERY_DELETED_CHARACTER
1499,0x5DB,SMSG_RECOVERY_QUERY_DELETED_CHARACTER_RESPONSE
1500,0x5DC,CMSG_RECOVER_DELETED_CHARACTER
1501,0x5DD,SMSG_RECOVER_DELETED_CHARACTER_RESULT
1502,0x5DE,CMSG_RECOVERY_QUERY_VENDORED_ITEM
1503,0x5DF,SMSG_RECOVERY_QUERY_VENDORED_ITEM_RESPONSE
1504,0x5E0,CMSG_RECOVER_VENDORED_ITEM
1505,0x5E1,SMSG_RECOVER_VENDORED_ITEM_RESULT
1506,0x5E2,CMSG_RECOVERY_QUERY_DELETED_ITEM
1507,0x5E3,SMSG_RECOVERY_QUERY_DELETED_ITEM_RESPONSE
1508,0x5E4,CMSG_RECOVER_DELETED_ITEM
1509,0x5E5,SMSG_RECOVER_DELETED_ITEM_RESULT
1510,0x5E6,CMSG_RECOVERY_QUERY_MYTHIC_RECYCLING
1511,0x5E7,SMSG_RECOVERY_QUERY_MYTHIC_RECYCLING_RESPONSE
1512,0x5E8,CMSG_RECOVER_MYTHIC_RECYCLING
1513,0x5E9,SMSG_RECOVER_MYTHIC_RECYCLING_RESULT
1514,0x5EA,
1515,0x5EB,
1516,0x5EC,
1517,0x5ED,
1518,0x5EE,
1519,0x5EF,
1520,0x5F0,
1521,0x5F1,
1522,0x5F2,CMSG_TAXI_REQUEST_EARLY_LANDING
1523,0x5F3,SMSG_PATCH_CHR_SPECS
1524,0x5F4,SMSG_PATCH_SPELL_CUSTOM_ATTR
1525,0x5F5,SMSG_REALM_MERGE_SEND_TARGET_REALM
1526,0x5F6,CMSG_REALM_MERGE_SET_TARGET_REALM
1527,0x5F7,SMSG_REALM_MERGE_SET_TARGET_REALM_RESULT
1528,0x5F8,SMSG_PATCH_LOADING_SCREENS
1529,0x5F9,SMSG_UPDATE_KNOWN_RANDOM_ENCHANTS
1530,0x5FA,SMSG_ADD_KNOWN_RANDOM_ENCHANT
1531,0x5FB,SMSG_REMOVE_KNOWN_RANDOM_ENCHANT
1532,0x5FC,SMSG_UPDATE_RANDOM_ENCHANT_DATA
1533,0x5FD,SMSG_UPDATE_RANDOM_ENCHANT_SLOTS
1534,0x5FE,SMSG_UPDATE_RANDOM_ENCHANT_SLOT
1535,0x5FF,SMSG_UPDATE_RANDOM_ENCHANT_PRESET_DATA
1536,0x600,SMSG_UPDATE_ACTIVE_RANDOM_ENCHANT_PRESET
1537,0x601,
1538,0x602,SMSG_SAVE_RANDOM_ENCHANT_PRESET_RESULT
1539,0x603,CMSG_REFORGE_RANDOM_ENCHANT_ITEM
1540,0x604,SMSG_REFORGE_RANDOM_ENCHANT_RESULT
1541,0x605,CMSG_COLLECTION_REFORGE_RANDOM_ENCHANT_ITEM
1542,0x606,SMSG_COLLECTION_REFORGE_RANDOM_ENCHANT_RESULT
1543,0x607,CMSG_DISENCHANT_RANDOM_ENCHANT_ITEM
1544,0x608,CMSG_DISENCHANT_RANDOM_ENCHANT_SLOT
1545,0x609,SMSG_DISENCHANT_RANDOM_ENCHANT_RESULT
1546,0x60A,CMSG_APPLY_RANDOM_ENCHANT_ITEM
1547,0x60B,SMSG_APPLY_RANDOM_ENCHANT_RESULT
1548,0x60C,CMSG_SET_ACTIVE_RANDOM_ENCHANT_PRESET
1549,0x60D,SMSG_SET_ACTIVE_RANDOM_ENCHANT_PRESET_RESULT
1550,0x60E,CMSG_REFORGE_RANDOM_ENCHANT_SLOT
1551,0x60F,CMSG_COLLECTION_REFORGE_RANDOM_ENCHANT_SLOT
1552,0x610,CMSG_APPLY_RANDOM_ENCHANT_SLOT
1553,0x611,CMSG_PURCHASE_MYSTIC_SCROLL
1554,0x612,SMSG_PURCHASE_MYSTIC_SCROLL_RESULT
1555,0x613,CMSG_INSPECT_RANDOM_ENCHANTS
1556,0x614,SMSG_INSPECT_RANDOM_ENCHANTS_RESULT
1557,0x615,CMSG_UNLOCK_RANDOM_ENCHANT_PRESET
1558,0x616,SMSG_UNLOCK_RANDOM_ENCHANT_PRESET_RESULT
1559,0x617,CMSG_DESTROY_RANDOM_ENCHANT_SLOT
1560,0x618,SMSG_DESTROY_RANDOM_ENCHANT_SLOT_RESULT
1561,0x619,SMSG_UPDATE_RANDOM_ENCHANT_PROGRESS
1562,0x61A,CMSG_CREATURE_QUERY_BULK
1563,0x61B,CMSG_ITEM_QUERY_BULK
1564,0x61C,CMSG_QUEST_QUERY_BULK
1565,0x61D,CMSG_WILDCARD_UNLEARN_ABILITY
1566,0x61E,SMSG_WILDCARD_UNLEARN_ABILITY_RESULT
1567,0x61F,CMSG_RESET_DUNGEONS
1568,0x620,CMSG_RESET_RAIDS
1569,0x621,SMSG_WILDCARD_ENTRY_LEARNED
1570,0x622,CMSG_SET_SKILL_CARD
1571,0x623,SMSG_SET_SKILL_CARD_RESULT
1572,0x624,SMSG_UPDATE_SKILL_CARDS
1573,0x625,SMSG_UPDATE_SKILL_CARD
1574,0x626,CMSG_BUILD_CREATOR_CREATE_BUILD
1575,0x627,SMSG_BUILD_CREATOR_CREATE_BUILD_RESULT
1576,0x628,CMSG_BUILD_CREATOR_SAVE_BUILD
1577,0x629,SMSG_BUILD_CREATOR_SAVE_BUILD_RESULT
1578,0x62A,CMSG_BUILD_CREATOR_RATE_BUILD
1579,0x62B,SMSG_BUILD_CREATOR_RATE_BUILD_RESULT
1580,0x62C,CMSG_BUILD_CREATOR_DELETE_BUILD
1581,0x62D,SMSG_BUILD_CREATOR_DELETE_BUILD_RESULT
1582,0x62E,CMSG_BUILD_CREATOR_REQUEST_BUILD_DATAS
1583,0x62F,SMSG_BUILD_CREATOR_REQUEST_BUILD_DATAS_RESULT
1584,0x630,CMSG_BUILD_CREATOR_REQUEST_BUILD_DATA
1585,0x631,SMSG_BUILD_CREATOR_REQUEST_BUILD_DATA_RESULT
1586,0x632,SMSG_BUILD_CREATOR_ACTIVE_BUILD
1587,0x633,SMSG_BUILD_CREATOR_ACTIVE_BUILDS
1588,0x634,SMSG_BUILD_CREATOR_OWNED_BUILDS
1589,0x635,SMSG_BUILD_CREATOR_UPVOTED_BUILDS
1590,0x636,SMSG_BUILD_DRAFT_UPDATE_DRAFTABLES
1591,0x637,SMSG_BUILD_DRAFT_UPDATE_DRAFTABLE
1592,0x638,SMSG_BUILD_DRAFT_UPDATE_DRAFTED
1593,0x639,SMSG_BUILD_DRAFT_ROLE_PROMPT
1594,0x63A,CMSG_BUILD_DRAFT_SELECT_ROLE
1595,0x63B,SMSG_BUILD_DRAFT_SELECT_ROLE_RESULT
1596,0x63C,SMSG_BUILD_DRAFT_UPDATE_COMPLETED_BUILDS
1597,0x63D,SMSG_BUILD_DRAFT_UPDATE_COMPLETED_BUILD
1598,0x63E,CMSG_ASCENSIONGM_TICKET_HISTORY_REQUEST
1599,0x63F,SMSG_ASCENSIONGM_TICKET_HISTORY_LIST
1600,0x640,SMSG_RECOLOR_COLLECTION_LIST
1601,0x641,SMSG_RECOLOR_COLLECTION_ADDED
1602,0x642,SMSG_RECOLOR_COLLECTION_REMOVED
1603,0x643,CMSG_WILDCARD_ROLL_ABILITIES
1604,0x644,SMSG_WILDCARD_ROLL_ABILITIES_RESULT
1605,0x645,CMSG_WILDCARD_RESET_ABILITIES
1606,0x646,SMSG_WILDCARD_RESET_ABILITIES_RESULT
1607,0x647,SMSG_PATCH_SKILL_CARD
1608,0x648,SMSG_SKILL_CARD_COLLECTION_LIST
1609,0x649,SMSG_SKILL_CARD_COLLECTED
1610,0x64A,SMSG_PATCH_CHARACTER_ADVANCEMENT
1611,0x64B,CMSG_WILDCARD_REROLL_UNLOCKED_STARTING_ABILITIES
1612,0x64C,SMSG_WILDCARD_REROLL_UNLOCKED_STARTING_ABILITIES_RESULT
1613,0x64D,
1614,0x64E,
1615,0x64F,SMSG_INITIAL_ITEM_COOLDOWNS
1616,0x650,SMSG_OVERRIDE_SKYBOX
1617,0x651,CMSG_ENTER_MANASTORM
1618,0x652,SMSG_ENTER_MANASTORM_RESULT
1619,0x653,SMSG_PENDING_SKILL_CARD_LIST
1620,0x654,SMSG_PENDING_SKILL_CARD_ADDED
1621,0x655,SMSG_PENDING_SKILL_CARD_REMOVED
1622,0x656,CMSG_CLAIM_PENDING_SKILL_CARD
1623,0x657,SMSG_CLAIM_PENDING_SKILL_CARD_RESULT
1624,0x658,CMSG_CHARACTER_ADVANCEMENT_LOCK_ENTRY
1625,0x659,SMSG_CHARACTER_ADVANCEMENT_LOCK_ENTRY_RESULT
1626,0x65A,CMSG_CHARACTER_ADVANCEMENT_UNLOCK_ENTRY
1627,0x65B,SMSG_CHARACTER_ADVANCEMENT_UNLOCK_ENTRY_RESULT
1628,0x65C,SMSG_UPDATE_QUEST_ICON
1629,0x65D,SMSG_MANASTORM_UPDATE_MAX_COMPLETED_LEVEL
1630,0x65E,SMSG_MANASTORM_COMPLETED_LEVEL
1631,0x65F,SMSG_MANASTORM_DATA
1632,0x660,SMSG_MANASTORM_ACTIVE_DATA
1633,0x661,SMSG_BUILD_DRAFT_PICK_PROMPT
1634,0x662,SMSG_OVERRIDE_SPELL_VISUAL
1635,0x663,SMSG_PATCH_CHALLENGE_MODIFIER
1636,0x664,SMSG_PATCH_CHALLENGE_MODIFIER_TYPE
1637,0x665,CMSG_LEAVE_MANASTORM
1638,0x666,SMSG_LEAVE_MANASTORM_RESULT
1639,0x667,CMSG_SET_LEVEL_SCALING
1640,0x668,SMSG_SET_CVAR
1641,0x669,SMSG_UPDATE_GOSSIP_ICON
1642,0x66A,CMSG_PURCHASE_SEALED_CARD
1643,0x66B,SMSG_PURCHASE_SEALED_CARD_RESULT
1644,0x66C,SMSG_PATCH_SEALED_CARD_COSTS
1645,0x66D,SMSG_LFG_UPDATE_CUSTOM
1646,0x66E,SMSG_PATCH_TOKEN_TYPES
1647,0x66F,SMSG_TOKEN_LIST
1648,0x670,SMSG_TOKEN_UPDATE
1649,0x671,CMSG_SOCIAL_SET_OFFLINE
1650,0x672,SMSG_PLAYER_DATA
1651,0x673,SMSG_AURA_UPDATE_ADDON
1652,0x674,SMSG_AURA_UPDATE_ALL_ADDON
1653,0x675,SMSG_GROUP_CONNECTION_UPDATE
1654,0x676,SMSG_PATCH_GLOBAL_STRINGS
1655,0x677,SMSG_PATCH_CHALLENGE_LEVELS
1656,0x678,SMSG_PATCH_ZONE_STORY
1657,0x679,CMSG_SET_LOOT_SPECIALIZATION
1658,0x67A,SMSG_SET_LOOT_SPECIALIZATION
1659,0x67B,SMSG_MANASTORM_FAIL
1660,0x67C,CMSG_STABLE_DELETE_PET
1661,0x67D,SMSG_PATCH_MANASTORM
1662,0x67E,SMSG_PATCH_MANASTORM_MESSAGES
1663,0x67F,SMSG_MANASTORM_CHAOTIC_LINK_UPDATE
1664,0x680,SMSG_PATCH_ZONE_LIGHT
1665,0x681,SMSG_PATCH_ZONE_LIGHT_POINT
1666,0x682,
1667,0x683,
1668,0x684,
1669,0x685,
1670,0x686,SMSG_PATCH_SPELL_ADDON
1671,0x687,SMSG_TALKING_HEAD_FRAME
1672,0x688,SMSG_MANASTORM_LOADOUT_DATA
1673,0x689,CMSG_SET_MANASTORM_LOADOUT_SLOT
1674,0x68A,SMSG_SET_MANASTORM_LOADOUT_SLOT_RESULT
1675,0x68B,SMSG_UPDATE_MANASTORM_LOADOUT_SLOT
1676,0x68C,SMSG_PATCH_MANASTORM_PLAYER_GROUP_MODIFIERS
1677,0x68D,SMSG_PATCH_MANASTORM_MODIFIERS
1678,0x68E,SMSG_SIGNAL_EVENT
1679,0x68F,SMSG_UPDATE_INSTANCE_ENCOUNTER_STATE
1680,0x690,
1681,0x691,SMSG_PATCH_APPEARANCE_CATEGORIES
1682,0x692,SMSG_PATCH_APPEARANCES
1683,0x693,SMSG_PATCH_ITEM_APPEARANCES
1684,0x694,SMSG_PATCH_UI_CAMERA_APPEARANCE_CHR_RACES
1685,0x695,SMSG_PATCH_UI_CAMERA_APPEARANCE_WEAPONS
1686,0x696,SMSG_PATCH_UI_CAMERAS
1687,0x697,CMSG_APPLY_APPEARANCES
1688,0x698,SMSG_APPLY_APPEARANCES_RESULT
1689,0x699,SMSG_APPEARANCE_COLLECTION_INFO
1690,0x69A,SMSG_APPEARANCE_ACTIVE_INFO
1691,0x69B,SMSG_APPEARANCE_ADDED
1692,0x69C,SMSG_APPEARANCE_REMOVED
1693,0x69D,SMSG_APPEARANCE_OUTFIT_INFO
1694,0x69E,CMSG_SAVE_APPEARANCE_OUTFIT
1695,0x69F,SMSG_SAVE_APPEARANCE_OUTFIT_RESULT
1696,0x6A0,CMSG_DELETE_APPEARANCE_OUTFIT
1697,0x6A1,SMSG_DELETE_APPEARANCE_OUTFIT_RESULT
1698,0x6A2,SMSG_CAN_SEE_APPEARANCES_INFO
1699,0x6A3,CMSG_SET_CAN_SEE_APPEARANCES
1700,0x6A4,SMSG_PATCH_TUTORIAL_CATEGORIES
1701,0x6A5,SMSG_PATCH_TUTORIAL
1702,0x6A6,SMSG_PATCH_TUTORIAL_OBJECTIVE_TYPES
1703,0x6A7,SMSG_PATCH_TUTORIAL_OBJECTIVES
1704,0x6A8,CMSG_CLAIM_TUTORIAL_REWARDS
1705,0x6A9,SMSG_PATCH_CHARACTER_ADVANCEMENT_CATEGORIES
1706,0x6AA,SMSG_HAND_OF_FATE_REWARDS_LIST
1707,0x6AB,SMSG_SCROLL_OF_FORTUNE_REWARDS_LIST
1708,0x6AC,SMSG_PATCH_TUTORIAL_KEYWORDS
1709,0x6AD,SMSG_MANASTORM_REWARD_VISIBILITY
1710,0x6AE,
1711,0x6AF,SMSG_CLAIM_TUTORIAL_REWARDS_RESULT
1712,0x6B0,SMSG_TUTORIAL_REWARDED_LIST
1713,0x6B1,SMSG_TUTORIAL_REWARDED
1714,0x6B2,SMSG_PATCH_TUTORIAL_REWARDS
1715,0x6B3,CMSG_COLLECT_HAND_OF_FATE_REWARDS
1716,0x6B4,SMSG_COLLECT_HAND_OF_FATE_REWARDS_RESULT
1717,0x6B5,CMSG_COLLECT_SCROLL_OF_FORTUNE_REWARDS
1718,0x6B6,SMSG_COLLECT_SCROLL_OF_FORTUNE_REWARDS_RESULT
1719,0x6B7,SMSG_COLLECTED_HAND_OF_FATE_REWARDS_LIST
1720,0x6B8,SMSG_COLLECTED_SCROLL_OF_FORTUNE_REWARDS_LIST
1721,0x6B9,CMSG_QUERY_CUSTOM_STORE
1722,0x6BA,SMSG_QUERY_CUSTOM_STORE_RESULT
1723,0x6BB,CMSG_PURCHASE_CUSTOM_STORE_ITEM
1724,0x6BC,SMSG_PURCHASE_CUSTOM_STORE_ITEM_RESULT
1725,0x6BD,SMSG_CUSTOM_STORE_TYPE_LIST
1726,0x6BE,SMSG_PATCH_SUPER_TRACK
1727,0x6BF,SMSG_PATCH_QUEST_SUPER_TRACK
1728,0x6C0,SMSG_PATCH_SPELL_TAG_TYPES
1729,0x6C1,SMSG_PATCH_SPELL_TAGS
1730,0x6C2,
1731,0x6C3,CMSG_TOGGLE_MENTOR_STATUS
1732,0x6C4,SMSG_TOGGLE_MENTOR_STATUS_RESULT
1733,0x6C5,SMSG_PATCH_MENTOR_SPECIALIZATIONS
1734,0x6C6,CMSG_ADD_MENTOR_SPECIALIZATION
1735,0x6C7,SMSG_ADD_MENTOR_SPECIALIZATION_RESULT
1736,0x6C8,CMSG_REMOVE_MENTOR_SPECIALIZATION
1737,0x6C9,SMSG_REMOVE_MENTOR_SPECIALIZATION_RESULT
1738,0x6CA,SMSG_MENTOR_SPECIALIZATIONS_LIST
1739,0x6CB,CMSG_QUERY_MENTOR_WHOIS
1740,0x6CC,SMSG_QUERY_MENTOR_WHOIS_RESULT
1741,0x6CD,
1742,0x6CE,SMSG_PATCH_SPELL_SPELL_SUGGESTIONS
1743,0x6CF,
1744,0x6D0,
1745,0x6D1,
1746,0x6D2,SMSG_PATCH_SPELL_STAT_SUGGESTIONS
1747,0x6D3,
1748,0x6D4,SMSG_PATCH_CHARACTER_CREATION_ARCHETYPE_ROLES
1749,0x6D5,SMSG_PATCH_CHARACTER_CREATION_ARCHETYPE_CATEGORIES
1750,0x6D6,SMSG_PATCH_CHARACTER_CREATION_ARCHETYPES
1751,0x6D7,SMSG_PATCH_CHARACTER_CREATION_PET_DETAILS
1752,0x6D8,SMSG_PATCH_CHARACTER_CREATION_SHAPESHIFT_DETAILS
1753,0x6D9,SMSG_PATCH_COLLECTOR_CACHE_TYPES
1754,0x6DA,SMSG_PATCH_COLLECTOR_CACHE_RARITY_TYPES
1755,0x6DB,SMSG_PATCH_COLLECTOR_CACHE_RARITY_RATES
1756,0x6DC,SMSG_PATCH_COLLECTOR_CACHE_ITEMS
1757,0x6DD,CMSG_PURCHASE_SEALED_CARD_BOOSTER_PACK
1758,0x6DE,SMSG_PURCHASE_SEALED_CARD_BOOSTER_PACK_RESULT
1759,0x6DF,CMSG_OPEN_COLLECTOR_CACHE
1760,0x6E0,SMSG_OPEN_COLLECTOR_CACHE_RESULT
1761,0x6E1,CMSG_INSPECT_CHARACTER_ADVANCEMENT
1762,0x6E2,SMSG_INSPECT_CHARACTER_ADVANCEMENT_RESULT
1763,0x6E3,SMSG_PATCH_CHARACTER_CREATION_ARCHETYPE_DETAILS
1764,0x6E4,CMSG_CHAT_INFRACTION_ACKNOWLEDGE
1765,0x6E5,SMSG_CHAT_INFRACTION
1766,0x6E6,
1767,0x6E7,
1768,0x6E8,SMSG_MOVE_DISABLE_TURN_WHILE_FALLING
1769,0x6E9,SMSG_MOVE_ENABLE_TURN_WHILE_FALLING
1770,0x6EA,CMSG_COLLECT_ITEM_APPEARANCE
1771,0x6EB,SMSG_COLLECT_ITEM_APPEARANCE_RESULT
1772,0x6EC,SMSG_PATCH_ITEM_SET_APPEARANCES
1773,0x6ED,SMSG_PATCH_APPEARANCE_DETAILS
1774,0x6EE,SMSG_LIST_WILDCARD_MISC_DATA
1775,0x6EF,SMSG_UPDATE_WILDCARD_MISC_DATA
1776,0x6F0,SMSG_LIST_WILDCARD_QUICK_ROLLING_CONFIGS
1777,0x6F1,CMSG_REPURCHASE_WILDCARD_ROLLS
1778,0x6F2,CMSG_REPURCHASE_WILDCARD_ABILITY_ROLLS
1779,0x6F3,CMSG_REPURCHASE_WILDCARD_TALENT_ROLLS
1780,0x6F4,SMSG_REPURCHASE_WILDCARD_ROLLS_RESULT
1781,0x6F5,SMSG_PATCH_SCREEN_LOCATIONS
1782,0x6F6,SMSG_PATCH_SPELL_ACTIVATION_OVERLAYS
1783,0x6F7,SMSG_LIST_KNOWN_STORE_COLLECTION_ITEMS
1784,0x6F8,SMSG_ADD_KNOWN_STORE_COLLECTION_ITEM
1785,0x6F9,SMSG_REMOVE_KNOWN_STORE_COLLECTION_ITEM
1786,0x6FA,SMSG_PATCH_OBJECT_SPAWN_VISIBILITY_SETTINGS
1787,0x6FB,SMSG_PATCH_GAMEOBJECT_DISPLAY_INFO_ADDON
1788,0x6FC,SMSG_PATCH_CREATURE_DISPLAY_INFO_GEOSET_DATA
1789,0x6FD,CMSG_QUERY_INSTANCE_BINDS
1790,0x6FE,SMSG_QUERY_INSTANCE_BINDS_RESULT
1791,0x6FF,CMSG_ITEM_STAT_QUERY
1792,0x700,SMSG_ITEM_STAT_QUERY_RESPONSE
1793,0x701,SMSG_PLAYER_GM_TICKET_INFO
1794,0x702,SMSG_PLAYER_GM_TICKET_UPDATE
1795,0x703,CMSG_CREATE_GM_TICKET
1796,0x704,SMSG_CREATE_GM_TICKET_RESULT
1797,0x705,CMSG_CLOSE_GM_TICKET
1798,0x706,SMSG_CLOSE_GM_TICKET_RESULT
1799,0x707,CMSG_SEND_GM_TICKET_MESSAGE
1800,0x708,SMSG_SEND_GM_TICKET_MESSAGE_RESULT
1801,0x709,SMSG_GM_TICKET_LIST
1802,0x70A,SMSG_GM_TICKET_CREATED
1803,0x70B,SMSG_GM_TICKET_UPDATE
1804,0x70C,CMSG_UPDATE_GM_TICKET_STATUS
1805,0x70D,SMSG_UPDATE_GM_TICKET_STATUS_RESULT
1806,0x70E,CMSG_UPDATE_GM_TICKET_PRIORITY
1807,0x70F,SMSG_UPDATE_GM_TICKET_PRIORITY_RESULT
1808,0x710,CMSG_UPDATE_GM_TICKET_TITLE
1809,0x711,SMSG_UPDATE_GM_TICKET_TITLE_RESULT
1810,0x712,CMSG_APPROVE_GM_TICKET_SUGGESTION
1811,0x713,SMSG_APPROVE_GM_TICKET_SUGGESTION_RESULT
1812,0x714,CMSG_DECLINE_GM_TICKET_SUGGESTION
1813,0x715,SMSG_DECLINE_GM_TICKET_SUGGESTION_RESULT
1814,0x716,SMSG_INSPECT_ADDON
1815,0x717,CMSG_ASSIGN_GM_TICKET
1816,0x718,SMSG_ASSIGN_GM_TICKET_RESULT
1817,0x719,CMSG_REOPEN_GM_TICKET
1818,0x71A,SMSG_REOPEN_GM_TICKET_RESULT
1819,0x71B,CMSG_REQUEST_PLAYER_INFO
1820,0x71C,SMSG_REQUEST_PLAYER_INFO_RESULT
1821,0x71D,CMSG_MARK_GM_TICKET_MESSAGE_AS_READ
1822,0x71E,SMSG_MARK_GM_TICKET_MESSAGE_AS_READ_RESULT
1823,0x71F,
1824,0x720,
1825,0x721,
1826,0x722,
1827,0x723,
1828,0x724,
1829,0x725,
1830,0x726,
1831,0x727,
1832,0x728,
1833,0x729,
1834,0x72A,
1835,0x72B,
1836,0x72C,
1837,0x72D,
1838,0x72E,CMSG_CHARACTER_ACTIVATE
1839,0x72F,CMSG_CHARACTER_DEACTIVATE
1840,0x730,SMSG_CALLBOARD_CACHE_CONFIG_UPDATE
1841,0x731,CMSG_QUEST_CACHE_ADDON_QUERY
1842,0x732,SMSG_QUEST_CACHE_ADDON_QUERY_RESPONSE
1843,0x733,CMSG_PURCHASE_MYSTIC_EXTRACT
1844,0x734,SMSG_PURCHASE_MYSTIC_EXTRACT_RESULT
1845,0x735,CMSG_SUBMIT_GAME_FEEDBACK
1846,0x736,SMSG_SUBMIT_GAME_FEEDBACK_RESULT
1847,0x737,SMSG_UPDATE_SPECIALIZATION_MYSTIC_ENCHANT_PRESET_ID
1848,0x738,SMSG_UPDATE_SPECIALIZATION_EQUIPMENT_SET_ID
1849,0x739,CMSG_SET_SPECIALIZATION_MYSTIC_ENCHANT_PRESET_ID
1850,0x73A,CMSG_SET_SPECIALIZATION_EQUIPMENT_SET_ID
1851,0x73B,CMSG_TOGGLE_FEL_COMMUTATION_STATUS
1852,0x73C,SMSG_TOGGLE_FEL_COMMUTATION_STATUS_RESULT
1853,0x73D,SMSG_FEL_COMMUTATION_STATUS_UPDATE
1854,0x73E,SMSG_OPEN_CUSTOM_STORE
1855,0x73F,SMSG_LOOT_ROLL_ADDON
1856,0x740,SMSG_SUPER_TRACKER_SET_POSITION
1857,0x741,CMSG_GOSSIP_CLOSE
1858,0x742,SMSG_SPELL_FAILURE_SKILL
1859,0x743,SMSG_INSTANCED_AREAS_LIST
1860,0x744,CMSG_INSTANCED_AREAS_SWITCH
1861,0x745,CMSG_PLAYER_POLL_LIST_REQUEST
1862,0x746,SMSG_PLAYER_POLL_LIST
1863,0x747,CMSG_PLAYER_POLL_SUBMIT
1864,0x748,SMSG_PLAYER_POLL_SUBMIT_RESULT
1865,0x749,CMSG_DRAFT_START
1866,0x74A,CMSG_DRAFT_STOP
1867,0x74B,CMSG_DRAFT_ROLL
1868,0x74C,CMSG_DRAFT_SELECT
1869,0x74D,CMSG_DRAFT_SKIP
1870,0x74E,CMSG_DRAFT_RESET
1871,0x74F,CMSG_DRAFT_HAND_OF_FATE_START
1872,0x750,CMSG_DRAFT_HAND_OF_FATE_PICK
1873,0x751,CMSG_DRAFT_HAND_OF_FATE_SACRIFICE
1874,0x752,CMSG_DRAFT_HAND_OF_FATE_CANCEL
1875,0x753,SMSG_DRAFT_STATE
1876,0x754,SMSG_DRAFT_START_RESULT
1877,0x755,SMSG_DRAFT_STOP_RESULT
1878,0x756,SMSG_DRAFT_ROLL_RESULT
1879,0x757,SMSG_DRAFT_SELECT_RESULT
1880,0x758,SMSG_DRAFT_SKIP_RESULT
1881,0x759,SMSG_DRAFT_RESET_RESULT
1882,0x75A,SMSG_DRAFT_HAND_OF_FATE_START_RESULT
1883,0x75B,SMSG_DRAFT_HAND_OF_FATE_PICK_RESULT
1884,0x75C,SMSG_DRAFT_HAND_OF_FATE_SACRIFICE_RESULT
1885,0x75D,SMSG_DRAFT_HAND_OF_FATE_CANCEL_RESULT
1886,0x75E,SMSG_CHARACTER_LIST_INFO
1887,0x75F,SMSG_CHARACTER_ACTIVATE_RESULT
1888,0x760,SMSG_CHARACTER_DEACTIVATE_RESULT
1889,0x761,
1890,0x762,
1891,0x763,
1892,0x764,
1893,0x765,
1894,0x766,
1895,0x767,SMSG_CHECKPOINTS_ENABLED
1896,0x768,SMSG_HONORABLE_COMBAT_ZONES
1897,0x769,SMSG_BANK_PERMISSIONS
1898,0x76A,SMSG_SET_ACTION_BUTTON_SPELL
1899,0x76B,SMSG_ITEM_USED
1900,0x76C,SMSG_ITEM_USE_FAILED
1901,0x76D,SMSG_PROCESSED_STATISTIC_QUERY
1902,0x76E,SMSG_PROCESSED_ASSET_QUERY
1903,0x76F,SMSG_CHARACTER_SELECTION_SORT_ORDER
1904,0x770,SMSG_CHARACTER_SELECTION_MAIL
1905,0x771,SMSG_CHARACTER_SELECTION_GAME_MODE
1906,0x772,CMSG_CHARACTER_SELECTION_SET_SORT_ORDER
1907,0x773,CMSG_SET_DUNGEON_DIFFICULTY_REQUEST
1908,0x774,CMSG_RESPAWN_AT_CHECKPOINT_REQUEST
1909,0x775,CMSG_SINGLE_ASSET_QUERY
1910,0x776,CMSG_MULTIPLE_ASSET_QUERY
1911,0x777,CMSG_STATISTIC_QUERY
1912,0x778,CMSG_CHARACTER_ADVANCEMENT_LOADOUT_ACTIVATE_REQUEST
1913,0x779,CMSG_CHARACTER_ADVANCEMENT_LOADOUT_SET_NAME_REQUEST
1914,0x77A,CMSG_CHARACTER_ADVANCEMENT_LOADOUT_SET_SORT_ORDER_REQUEST
1915,0x77B,SMSG_OVERWRITE_LFG_DATA_PAYLOAD
1916,0x77C,SMSG_AREA_POI_PAYLOAD
1917,0x77D,SMSG_MISC_PLAYER_DATA_PAYLOAD
1918,0x77E,SMSG_FELFORGED_RESET_PAYLOAD
1919,0x77F,SMSG_CHARACTER_ADVANCEMENT_LOADOUT_ACTIVE_PAYLOAD
1920,0x780,SMSG_CHARACTER_ADVANCEMENT_LOADOUT_OWNED_PAYLOAD
1921,0x781,
1922,0x782,
1923,0x783,
1924,0x784,
1925,0x785,
1926,0x786,
1927,0x787,
1928,0x788,
1929,0x789,
1930,0x78A,
1931,0x78B,
1932,0x78C,
1933,0x78D,
1934,0x78E,
1935,0x78F,
1936,0x790,
1937,0x791,
1938,0x792,
1939,0x793,
1940,0x794,
1941,0x795,
1942,0x796,
1943,0x797,
1944,0x798,
1945,0x799,
1946,0x79A,
1947,0x79B,
1948,0x79C,
1949,0x79D,
1950,0x79E,
1951,0x79F,
1952,0x7A0,
1953,0x7A1,
1954,0x7A2,
1955,0x7A3,
1956,0x7A4,
1957,0x7A5,
1958,0x7A6,
1959,0x7A7,
1960,0x7A8,
1961,0x7A9,
1962,0x7AA,
1963,0x7AB,
1964,0x7AC,
1965,0x7AD,
1966,0x7AE,
1967,0x7AF,
1968,0x7B0,
1969,0x7B1,
1970,0x7B2,
1971,0x7B3,
1972,0x7B4,
1973,0x7B5,
1974,0x7B6,
1975,0x7B7,
1976,0x7B8,
1977,0x7B9,
1978,0x7BA,
1979,0x7BB,
1980,0x7BC,
1981,0x7BD,
1982,0x7BE,
1983,0x7BF,
1984,0x7C0,
1985,0x7C1,
1986,0x7C2,
1987,0x7C3,
1988,0x7C4,
1989,0x7C5,
1990,0x7C6,
1991,0x7C7,
1992,0x7C8,
1993,0x7C9,
1994,0x7CA,
1995,0x7CB,
1996,0x7CC,
1997,0x7CD,
1998,0x7CE,
1999,0x7CF,
2000,0x7D0,
2001,0x7D1,
2002,0x7D2,
2003,0x7D3,
2004,0x7D4,
2005,0x7D5,
2006,0x7D6,
2007,0x7D7,
2008,0x7D8,
2009,0x7D9,
2010,0x7DA,
2011,0x7DB,
2012,0x7DC,
2013,0x7DD,
2014,0x7DE,
2015,0x7DF,
2016,0x7E0,
2017,0x7E1,
2018,0x7E2,
2019,0x7E3,
2020,0x7E4,
2021,0x7E5,
2022,0x7E6,
2023,0x7E7,
2024,0x7E8,
2025,0x7E9,
2026,0x7EA,
2027,0x7EB,
2028,0x7EC,
2029,0x7ED,
2030,0x7EE,
2031,0x7EF,
2032,0x7F0,
2033,0x7F1,
2034,0x7F2,
2035,0x7F3,
2036,0x7F4,
2037,0x7F5,
2038,0x7F6,
2039,0x7F7,
2040,0x7F8,
2041,0x7F9,
2042,0x7FA,
2043,0x7FB,
2044,0x7FC,
2045,0x7FD,
2046,0x7FE,
2047,0x7FF,
2048,0x800,CMSG_MULTIPLE_MOVES_BETTER
2049,0x801,SMSG_MULTIPLE_MOVES_BETTER
2050,0x802,
2051,0x803,
2052,0x804,
2053,0x805,
2054,0x806,
2055,0x807,
2056,0x808,
2057,0x809,
2058,0x80A,
2059,0x80B,
2060,0x80C,
2061,0x80D,
2062,0x80E,
2063,0x80F,
2064,0x810,
2065,0x811,
2066,0x812,
2067,0x813,
2068,0x814,
2069,0x815,
2070,0x816,
2071,0x817,
2072,0x818,
2073,0x819,
2074,0x81A,
2075,0x81B,
2076,0x81C,
2077,0x81D,
2078,0x81E,
2079,0x81F,
2080,0x820,
2081,0x821,
2082,0x822,
2083,0x823,
2084,0x824,
2085,0x825,
2086,0x826,
2087,0x827,
2088,0x828,
2089,0x829,
2090,0x82A,
2091,0x82B,
2092,0x82C,
2093,0x82D,
2094,0x82E,
2095,0x82F,
2096,0x830,
2097,0x831,
2098,0x832,
2099,0x833,
2100,0x834,
2101,0x835,
2102,0x836,
2103,0x837,
2104,0x838,
2105,0x839,
2106,0x83A,
2107,0x83B,
2108,0x83C,
2109,0x83D,
2110,0x83E,
2111,0x83F,
2112,0x840,
2113,0x841,
2114,0x842,
2115,0x843,
2116,0x844,
2117,0x845,
2118,0x846,
2119,0x847,
2120,0x848,
2121,0x849,
2122,0x84A,
2123,0x84B,
2124,0x84C,
2125,0x84D,
2126,0x84E,
2127,0x84F,
2128,0x850,
2129,0x851,
2130,0x852,
2131,0x853,
2132,0x854,
2133,0x855,
2134,0x856,
2135,0x857,
2136,0x858,
2137,0x859,
2138,0x85A,
2139,0x85B,
2140,0x85C,
2141,0x85D,
2142,0x85E,
2143,0x85F,
2144,0x860,
2145,0x861,
2146,0x862,
2147,0x863,
2148,0x864,
2149,0x865,
2150,0x866,
2151,0x867,
2152,0x868,
2153,0x869,
2154,0x86A,
2155,0x86B,
2156,0x86C,
2157,0x86D,
2158,0x86E,
2159,0x86F,
2160,0x870,
2161,0x871,
2162,0x872,
2163,0x873,
2164,0x874,
2165,0x875,
2166,0x876,
2167,0x877,
2168,0x878,
2169,0x879,
2170,0x87A,
2171,0x87B,
2172,0x87C,
2173,0x87D,
2174,0x87E,
2175,0x87F,
2176,0x880,
2177,0x881,
2178,0x882,
2179,0x883,
2180,0x884,
2181,0x885,
2182,0x886,
2183,0x887,
2184,0x888,
2185,0x889,
2186,0x88A,
2187,0x88B,
2188,0x88C,
2189,0x88D,
2190,0x88E,
2191,0x88F,
2192,0x890,
2193,0x891,
2194,0x892,
2195,0x893,
2196,0x894,
2197,0x895,
2198,0x896,
2199,0x897,
2200,0x898,
2201,0x899,
2202,0x89A,
2203,0x89B,
2204,0x89C,
2205,0x89D,
2206,0x89E,
2207,0x89F,
2208,0x8A0,
2209,0x8A1,
2210,0x8A2,
2211,0x8A3,
2212,0x8A4,
2213,0x8A5,
2214,0x8A6,
2215,0x8A7,
2216,0x8A8,
2217,0x8A9,
2218,0x8AA,
2219,0x8AB,
2220,0x8AC,
2221,0x8AD,
2222,0x8AE,
2223,0x8AF,
2224,0x8B0,
2225,0x8B1,
2226,0x8B2,
2227,0x8B3,
2228,0x8B4,
2229,0x8B5,
2230,0x8B6,
2231,0x8B7,
2232,0x8B8,
2233,0x8B9,
2234,0x8BA,
2235,0x8BB,
2236,0x8BC,
2237,0x8BD,
2238,0x8BE,
2239,0x8BF,
2240,0x8C0,
2241,0x8C1,
2242,0x8C2,
2243,0x8C3,
2244,0x8C4,
2245,0x8C5,
2246,0x8C6,
2247,0x8C7,
2248,0x8C8,
2249,0x8C9,
2250,0x8CA,
2251,0x8CB,
2252,0x8CC,
2253,0x8CD,
2254,0x8CE,
2255,0x8CF,
2256,0x8D0,
2257,0x8D1,
2258,0x8D2,
2259,0x8D3,
2260,0x8D4,
2261,0x8D5,
2262,0x8D6,
2263,0x8D7,
2264,0x8D8,
2265,0x8D9,
2266,0x8DA,
2267,0x8DB,
2268,0x8DC,
2269,0x8DD,
2270,0x8DE,
2271,0x8DF,
2272,0x8E0,
2273,0x8E1,
2274,0x8E2,
2275,0x8E3,
2276,0x8E4,
2277,0x8E5,
2278,0x8E6,
2279,0x8E7,
2280,0x8E8,
2281,0x8E9,
2282,0x8EA,
2283,0x8EB,
2284,0x8EC,
2285,0x8ED,
2286,0x8EE,
2287,0x8EF,
2288,0x8F0,
2289,0x8F1,
2290,0x8F2,
2291,0x8F3,
2292,0x8F4,
2293,0x8F5,
2294,0x8F6,
2295,0x8F7,
2296,0x8F8,
2297,0x8F9,
2298,0x8FA,
2299,0x8FB,
2300,0x8FC,
2301,0x8FD,
2302,0x8FE,
2303,0x8FF,
2304,0x900,
2305,0x901,
2306,0x902,
2307,0x903,SMSG_REPLICATE_CONFIG
2308,0x904,SMSG_PACKET_BROADCAST
2309,0x905,SMSG_CUSTOM_ASCENSION_POINTS_UPDATE
2310,0x906,SMSG_CUSTOM_WINDOW_SET_VISIBILITY
2311,0x907,SMSG_FEL_COMMUTATION_LIST
2312,0x908,SMSG_MYTHIC_PLUS_DUNGEON_STATE_CHANGED
2313,0x909,SMSG_MYTHIC_PLUS_PROGRESS_UPDATE
2314,0x90A,SMSG_MYTHIC_PLUS_TIMER_UPDATE
2315,0x90B,SMSG_GAME_MODE_CHANGED
2316,0x90C,SMSG_DISCORD_INITIALIZE
2317,0x90D,SMSG_DISCORD_UPDATE
2318,0x90E,SMSG_DISCORD_GUILD_INVITE
2319,0x90F,SMSG_POI_ADD
2320,0x910,SMSG_POI_REMOVE
2321,0x911,SMSG_POI_CLEAR
2322,0x912,SMSG_ASCENSIONGM_TICKET_CREATED
2323,0x913,SMSG_ASCENSIONGM_TICKET_EDITED
2324,0x914,SMSG_ASCENSIONGM_TICKET_FORGET
2325,0x915,SMSG_ASCENSIONGM_TICKET_CLOSED
2326,0x916,SMSG_ASCENSIONGM_TICKET_LIST
2327,0x917,SMSG_ASCENSIONGM_TICKET_CHAT
2328,0x918,SMSG_ASCENSIONGM_TICKET_CHAT_HISTORY
2329,0x919,SMSG_ASCENSIONGM_TICKET_HISTORY
2330,0x91A,SMSG_PGF_GROUP_LIST_RESPONSE
2331,0x91B,SMSG_PGF_APPLICANT_LIST_RESPONSE
2332,0x91C,SMSG_PGF_APPLICANT_DECLINE
2333,0x91D,SMSG_PGF_APPLICANT_APPLIED
2334,0x91E,SMSG_PGF_APPLICANT_REVOKED
2335,0x91F,SMSG_PGF_GROUP_ENLISTING_RESPONSE
2336,0x920,SMSG_PGF_GROUP_DELISTING_RESPONSE
2337,0x921,SMSG_PGF_GROUP_INVITE_APPLICANT_RESPONSE
2338,0x922,SMSG_PGF_GROUP_DECLINE_APPLICANT_RESPONSE
2339,0x923,SMSG_PGF_GROUP_APPLY_RESPONSE
2340,0x924,SMSG_PGF_GROUP_UNAPPLY_RESPONSE
2341,0x925,SMSG_ASCENSION_PVP_REWARD_INFO_QUERY_RESPONSE
2342,0x926,SMSG_CA_AVAILABLE_CREDITS_UPDATE
2343,0x927,SMSG_AUTO_QUEST_UPDATE
2344,0x928,SMSG_CHAT_CHECK_ADD
2345,0x929,SMSG_CHAT_CHECK_REMOVE
2346,0x92A,SMSG_PATCH_SPELL
2347,0x92B,SMSG_BG_QUEUE_TIME_ALERT
2348,0x92C,SMSG_PATCH_SPELL_VISUAL
2349,0x92D,SMSG_PATCH_SPELL_VISUAL_KIT
2350,0x92E,SMSG_PATCH_SPELL_VISUAL_KIT_MODEL_ATTACH
2351,0x92F,SMSG_PATCH_SPELL_VISUAL_EFFECT_NAME
2352,0x930,SMSG_PATCH_SPELL_MISSILE
2353,0x931,SMSG_PATCH_SPELL_MISSILE_MOTION
2354,0x932,SMSG_PATCH_ITEM
2355,0x933,SMSG_PATCH_SKILL_LINE
2356,0x934,SMSG_PATCH_SKILL_LINE_ABILITY
2357,0x935,SMSG_PATCH_SPELL_ITEM_ENCHANTMENT
2358,0x936,SMSG_PATCH_ACHIEVEMENT
2359,0x937,SMSG_PATCH_ACHIEVEMENT_CRITERIA
2360,0x938,SMSG_PATCH_ACHIEVEMENT_CATEGORY
2361,0x939,SMSG_PATCH_AREA_TABLE
2362,0x93A,SMSG_PATCH_CHAR_START_OUTFIT
2363,0x93B,SMSG_PATCH_CHR_CLASSES
2364,0x93C,SMSG_PATCH_CREATURE_FAMILY
2365,0x93D,SMSG_PATCH_CREATURE_TYPE
2366,0x93E,SMSG_PATCH_CURRENCY_CATEGORY
2367,0x93F,SMSG_PATCH_CURRENCY_TYPES
2368,0x940,SMSG_PATCH_DUNGEON_ENCOUNTER
2369,0x941,SMSG_PATCH_FACTION
2370,0x942,SMSG_PATCH_FACTION_TEMPLATE
2371,0x943,SMSG_PATCH_HOLIDAYS
2372,0x944,SMSG_PATCH_ITEM_EXTENDED_COST
2373,0x945,SMSG_PATCH_LFG_DUNGEONS
2374,0x946,SMSG_PATCH_LOCK
2375,0x947,SMSG_PATCH_PVP_DIFFICULTY
2376,0x948,SMSG_PATCH_SKILL_RACE_CLASS_INFO
2377,0x949,SMSG_PATCH_SPELL_SHAPESHIFT_FORM
2378,0x94A,SMSG_PATCH_SPELL_ICON
2379,0x94B,SMSG_PATCH_TALENT
2380,0x94C,SMSG_PATCH_TALENT_TAB
2381,0x94D,SMSG_PATCH_WORLD_SAFE_LOCS
2382,0x94E,SMSG_KNOWN_ADDON_LIST
2383,0x94F,SMSG_PATCH_SPELL_CATEGORY
2384,0x950,SMSG_PATCH_SPELL_DURATION
2385,0x951,SMSG_PATCH_SPELL_CAST_TIMES
2386,0x952,SMSG_PATCH_SPELL_RADIUS
2387,0x953,SMSG_PATCH_SPELL_RANGE
2388,0x954,SMSG_PATCH_SPELL_DIFFICULTY
2389,0x955,SMSG_PATCH_SPELL_DESCRIPTION_VARIABLES
2390,0x956,SMSG_PATCH_SPELL_EFFECT_CAMERA_SHAKES
2391,0x957,SMSG_PATCH_SPELL_CHAIN_EFFECTS
2392,0x958,SMSG_PATCH_SPELL_ITEM_ENCHANTMENT_CONDITION
2393,0x959,SMSG_PATCH_SPELL_VISUAL_KIT_AREA_MODEL
2394,0x95A,SMSG_PATCH_SPELL_VISUAL_PRECAST_TRANSITIONS
2395,0x95B,SMSG_PATCH_PARTICLE_COLOR
2396,0x95C,SMSG_PATCH_GROUND_EFFECT_TEXTURE
2397,0x95D,SMSG_PATCH_GROUND_EFFECT_DOODAD
2398,0x95E,SMSG_PATCH_SCREEN_EFFECT
2399,0x95F,SMSG_PATCH_SPELL_RUNE_COST
2400,0x960,SMSG_PATCH_TOTEM_CATEGORY
2401,0x961,SMSG_PATCH_SPELL_FOCUS_OBJECT
2402,0x962,SMSG_PATCH_CAMERA_SHAKES
2403,0x963,SMSG_PATCH_OVERRIDE_SPELL_DATA
2404,0x964,SMSG_PATCH_ITEM_VISUALS
2405,0x965,SMSG_PATCH_ITEM_VISUAL_EFFECTS
2406,0x966,SMSG_PATCH_ITEM_SET
2407,0x967,SMSG_PATCH_ITEM_RANDOM_SUFFIX
2408,0x968,SMSG_PATCH_ITEM_RANDOM_PROPERTIES
2409,0x969,SMSG_PATCH_ITEM_PURCHASE_GROUP
2410,0x96A,SMSG_PATCH_ITEM_LIMIT_CATEGORY
2411,0x96B,SMSG_PATCH_ITEM_DISPLAY_INFO
2412,0x96C,SMSG_PATCH_ITEM_COND_EXT_COSTS
2413,0x96D,SMSG_PATCH_RAND_PROP_POINTS
2414,0x96E,SMSG_PATCH_SCALING_STAT_DISTRIBUTION
2415,0x96F,SMSG_PATCH_SCALING_STAT_VALUES
2416,0x970,SMSG_PATCH_HELMET_GEOSET_VIS_DATA
2417,0x971,SMSG_PATCH_CREATURE_SPELL_DATA
2418,0x972,SMSG_PATCH_CREATURE_SOUND_DATA
2419,0x973,SMSG_PATCH_CREATURE_MOVEMENT_INFO
2420,0x974,SMSG_PATCH_CREATURE_MODEL_DATA
2421,0x975,SMSG_PATCH_CREATURE_DISPLAY_INFO_EXTRA
2422,0x976,SMSG_PATCH_CREATURE_DISPLAY_INFO
2423,0x977,SMSG_PATCH_NPCSOUNDS
2424,0x978,SMSG_PATCH_UNIT_BLOOD
2425,0x979,SMSG_PATCH_UNIT_BLOOD_LEVELS
2426,0x97A,SMSG_PATCH_VEHICLE
2427,0x97B,SMSG_PATCH_VEHICLE_SEAT
2428,0x97C,SMSG_PATCH_VEHICLE_UIINDICATOR
2429,0x97D,SMSG_PATCH_VEHICLE_UIIND_SEAT
2430,0x97E,SMSG_PATCH_GAME_OBJECT_DISPLAY_INFO
2431,0x97F,SMSG_PATCH_GAME_OBJECT_ART_KIT
2432,0x980,SMSG_PATCH_OBJECT_EFFECT_PACKAGE_ELEM
2433,0x981,SMSG_PATCH_OBJECT_EFFECT_MODIFIER
2434,0x982,SMSG_PATCH_OBJECT_EFFECT_PACKAGE
2435,0x983,SMSG_PATCH_OBJECT_EFFECT
2436,0x984,SMSG_PATCH_OBJECT_EFFECT_GROUP
2437,0x985,SMSG_PATCH_SOUND_WATER_TYPE
2438,0x986,SMSG_PATCH_SOUND_PROVIDER_PREFERENCES
2439,0x987,SMSG_PATCH_SOUND_SAMPLE_PREFERENCES
2440,0x988,SMSG_PATCH_SOUND_FILTER
2441,0x989,SMSG_PATCH_SOUND_FILTER_ELEM
2442,0x98A,SMSG_PATCH_SOUND_ENTRIES_ADVANCED
2443,0x98B,SMSG_PATCH_SOUND_ENTRIES
2444,0x98C,SMSG_PATCH_SOUND_EMITTERS
2445,0x98D,SMSG_PATCH_SOUND_AMBIENCE
2446,0x98E,SMSG_PATCH_VOCAL_UISOUNDS
2447,0x98F,SMSG_PATCH_UISOUND_LOOKUPS
2448,0x990,SMSG_PATCH_ZONE_MUSIC
2449,0x991,SMSG_PATCH_ZONE_INTRO_MUSIC_TABLE
2450,0x992,SMSG_PATCH_WORLD_STATE_ZONE_SOUNDS
2451,0x993,SMSG_PATCH_WORLD_CHUNK_SOUNDS
2452,0x994,SMSG_PATCH_SHEATHE_SOUND_LOOKUPS
2453,0x995,SMSG_PATCH_BATTLEMASTER_LIST
2454,0x996,SMSG_PATCH_LOCK_TYPE
2455,0x997,SMSG_PATCH_FACTION_GROUP
2456,0x998,SMSG_PATCH_AREA_TRIGGER
2457,0x999,SMSG_PATCH_AREA_POI
2458,0x99A,SMSG_PATCH_AREA_GROUP
2459,0x99B,SMSG_PATCH_LFGDUNGEON_GROUP
2460,0x99C,SMSG_PATCH_LFGDUNGEON_EXPANSION
2461,0x99D,SMSG_PATCH_WORLD_STATE_UI
2462,0x99E,SMSG_PATCH_QUEST_FACTION_REWARD
2463,0x99F,SMSG_PATCH_QUEST_INFO
2464,0x9A0,SMSG_PATCH_QUEST_SORT
2465,0x9A1,SMSG_PATCH_QUEST_XP
2466,0x9A2,SMSG_PATCH_SKILL_COSTS_DATA
2467,0x9A3,SMSG_PATCH_SKILL_LINE_CATEGORY
2468,0x9A4,SMSG_PATCH_SKILL_TIERS
2469,0x9A5,SMSG_PATCH_TAXI_NODES
2470,0x9A6,SMSG_PATCH_TAXI_PATH
2471,0x9A7,SMSG_PATCH_TAXI_PATH_NODE
2472,0x9A8,SMSG_PATCH_DUNGEON_MAP
2473,0x9A9,SMSG_PATCH_DUNGEON_MAP_CHUNK
2474,0x9AA,SMSG_PATCH_WORLD_MAP_AREA
2475,0x9AB,SMSG_PATCH_WORLD_MAP_CONTINENT
2476,0x9AC,SMSG_PATCH_WORLD_MAP_OVERLAY
2477,0x9AD,SMSG_PATCH_WORLD_MAP_TRANSFORMS
2478,0x9AE,SMSG_PATCH_TRANSPORT_ANIMATION
2479,0x9AF,SMSG_PATCH_TRANSPORT_PHYSICS
2480,0x9B0,SMSG_PATCH_TRANSPORT_ROTATION
2481,0x9B1,SMSG_SPELL_ACTIVATION_SHOW
2482,0x9B2,SMSG_SPELL_ACTIVATION_HIDE
2483,0x9B3,SMSG_UNUSED1
2484,0x9B4,SMSG_SEND_LOOT_LOCKOUTS
2485,0x9B5,SMSG_ADD_LOOT_LOCKOUT
2486,0x9B6,SMSG_REMOVE_LOOT_LOCKOUT
2487,0x9B7,SMSG_ASCENSIONGM_TRANSACTION_CREATED
2488,0x9B8,SMSG_ASCENSIONGM_TRANSACTION_CLOSED
2489,0x9B9,SMSG_ASCENSIONGM_TRANSACTION_LIST
2490,0x9BA,SMSG_ASCENSIONGM_TRANSACTION_HISTORY
2491,0x9BB,SMSG_ACCOUNT_INFO
2492,0x9BC,SMSG_REALM_INFO
2493,0x9BD,SMSG_GAME_EVENT_INFO
2494,0x9BE,SMSG_SEASONAL_COLLECTION_INFO
2495,0x9BF,SMSG_SEASONAL_COLLECTION_UNLOCKED
2496,0x9C0,SMSG_FRIEND_ADDON_LIST
2497,0x9C1,SMSG_INSTANCE_INFO
2498,0x9C2,SMSG_CLEAR_ALL_SPELL_CHARGES
2499,0x9C3,SMSG_CLEAR_SPELL_CHARGES
2500,0x9C4,SMSG_SEND_SPELL_CHARGES
2501,0x9C5,SMSG_SET_SPELL_CHARGES
2502,0x9C6,
2503,0x9C7,CMSG_MISSILE_FIRE_POSITION
2504,0x9C8,SMSG_PATCH_LIGHT
2505,0x9C9,SMSG_PATCH_LIGHT_PARAMS
2506,0x9CA,SMSG_PATCH_LIGHT_SKYBOX
2507,0x9CB,SMSG_PATCH_LIGHT_INT_BAND
2508,0x9CC,SMSG_PATCH_LIGHT_FLOAT_BAND
2509,0x9CD,SMSG_ASCENSION_GEO_DEBUG
2510,0x9CE,SMSG_DATA_HOTFIX
2511,0x9CF,SMSG_PATCH_CHARACTER_CREATION_CLASS_DETAILS
2512,0x9D0,SMSG_CHARACTER_CUSTOMIZATION_UNLOCKS
2513,0x9D1,SMSG_PATCH_CHR_CLASSES_ROLES
2514,0x9D2,SMSG_PATCH_OCCLUSION_VOLUME
2515,0x9D3,SMSG_PATCH_OCCLUSION_VOLUME_POINTS
2516,0x9D4,
